sample ID	reads ID	assembly_ID	assembly_ID_nohash	Accession_illumina_reads	Biosample	Assembly Accession	Infection	Specimen	Year	Reference	ONT_data	Accession_ONT_reads	species	species_match	contig_count	N50	largest_contig	total_size	ambiguous_bases	QC_warnings	ST	virulence_score	resistance_score	num_resistance_classes	num_resistance_genes	Yersiniabactin	YbST	Colibactin	CbST	Aerobactin	AbST	Salmochelin	SmST	RmpADC	RmST	rmpA2	wzi	K_locus	K_locus_problems	K_locus_confidence	K_locus_identity	K_locus_missing_genes	O_locus	O_locus_problems	O_locus_confidence	O_locus_identity	O_locus_missing_genes	AGly_acquired	Col_acquired	Fcyn_acquired	Flq_acquired	Gly_acquired	MLS_acquired	Phe_acquired	Rif_acquired	Sul_acquired	Tet_acquired	Tgc_acquired	Tmt_acquired	Bla_acquired	Bla_inhR_acquired	Bla_ESBL_acquired	Bla_ESBL_inhR_acquired	Bla_Carb_acquired	Bla_chr	SHV_mutations	Omp_mutations	Col_mutations	Flq_mutations	truncated_resistance_hits	spurious_resistance_hits	Chr_ST	gapA	infB	mdh	pgi	phoE	rpoB	tonB	ybtS	ybtX	ybtQ	ybtP	ybtA	irp2	irp1	ybtU	ybtT	ybtE	fyuA	clbA	clbB	clbC	clbD	clbE	clbF	clbG	clbH	clbI	clbL	clbM	clbN	clbO	clbP	clbQ	iucA	iucB	iucC	iucD	iutA	iroB	iroC	iroD	iroN	rmpA	rmpD	rmpC	spurious_virulence_hits
INF068	16703_5#1	16703_5#1	16703_5_1	ERR1008628	SAMEA3357059		yes	Pneumonia	2013	Gorrie 2019			Klebsiella pneumoniae	strong	88	358818	724065	5442210	no	-	ST584	0	0	0	0	-	0	-	0	-	0	-	0	-	0	-	wzi227	KL60	none	Very high	100,00%		O3b	none	Very high	99,04%		-	-	-	-	-	-	-	-	-	-	-	-	-	-	-	-	-	SHV-168^	146V	-	-	-	-	-	ST584	4	1	2	1	1	7	4	-	-	-	-	-	-	-	-	-	-	-	-	-	-	-	-	-	-	-	-	-	-	-	-	-	-	-	-	-	-	-	-	-	-	-	-	-	-	-
INF077	16703_5#10	16703_5#10	16703_5_10	ERR1008636	SAMEA3357078		yes	UTI	2013	Gorrie 2019			Klebsiella pneumoniae	strong	71	372950	797955	5290488	no	-	ST37	0	0	0	0	-	0	-	0	-	0	-	0	-	0	-	wzi14	KL14	?-	Good	99,97%	KL14_19_manC,KL14_20_manB	O3b	?-	Good	99,33%	O3b_01_manC,O3b_02_manB	-	-	-	-	-	-	-	-	-	-	-	-	-	-	-	-	-	SHV-11.v1^	35Q	-	-	-	-	-	ST37	2	9	2	1	13	1	16	-	-	-	-	-	-	-	-	-	-	-	-	-	-	-	-	-	-	-	-	-	-	-	-	-	-	-	-	-	-	-	-	-	-	-	-	-	-	-
INF080	16703_5#13	16703_5#13	16703_5_13	ERR1008639	SAMEA3357083		yes	UTI	2013	Gorrie 2019			Klebsiella pneumoniae	strong	96	347226	968383	5650888	no	-	ST1694	0	0	0	0	-	0	-	0	-	0	-	0	-	0	-	wzi150	KL63	none	Very high	98,81%		O1v2	none	Very high	99,27%		-	-	-	-	-	-	-	-	-	-	-	-	-	-	-	-	-	SHV-11.v1^	35Q	-	-	-	-	-	ST1694	2	10	13	1	17	4	186	-	-	-	-	-	-	-	-	-	-	-	-	-	-	-	-	-	-	-	-	-	-	-	-	-	-	-	-	-	-	-	-	-	-	-	-	-	-	-
INF081	16703_5#14	16703_5#14	16703_5_14	ERR1008640	SAMEA3357085		yes	Other	2013	Gorrie 2019			Klebsiella variicola subsp. variicola	strong	65	455035	2202104	5654285	no	-	ST3080	0	0	0	0	-	0	-	0	-	0	-	0	-	0	-	wzi338	KL105	*	Very high	96,66%		O3/O3a	none	Very high	99,20%		-	-	-	-	-	-	-	-	-	-	-	-	-	-	-	-	-	LEN-18	-	-	-	-	-	-	ST3080	16	18	219	27	54	22	85	-	-	-	-	-	-	-	-	-	-	-	-	-	-	-	-	-	-	-	-	-	-	-	-	-	-	-	-	-	-	-	-	-	-	-	-	-	-	-
INF082	16703_5#15	16703_5#15	16703_5_15	ERR1008641	SAMEA3357087		yes	UTI	2013	Gorrie 2019			Klebsiella pneumoniae	strong	182	142982	379863	5536774	no	-	ST3041	0	0	0	0	-	0	-	0	-	0	-	0	-	0	-	wzi273	KL30	?-+*	Good	96,45%	KL30_15_wcuG	O1v2	none	Very high	99,49%		-	-	-	-	-	-	-	-	-	-	-	-	-	-	-	-	-	SHV-14^	-	-	-	-	-	-	ST3041	2	1	1	1	9	1	89	-	-	-	-	-	-	-	-	-	-	-	-	-	-	-	-	-	-	-	-	-	-	-	-	-	-	-	-	-	-	-	-	-	-	-	-	-	-	-
INF083	16703_5#16	16703_5#16	16703_5_16	ERR1008642	SAMEA3357089		yes	UTI	2013	Gorrie 2019			Klebsiella pneumoniae	strong	61	443899	1008467	5438162	no	-	ST3046	0	0	0	0	-	0	-	0	-	0	-	0	-	0	-	wzi264	KL22	none	Very high	99,25%		O3b	-	High	99,18%	O3b_01_manC	-	-	-	-	-	-	-	-	-	-	-	-	-	-	-	-	-	SHV-27	156D	-	-	-	-	-	ST3046	2	1	1	82	7	1	12	-	-	-	-	-	-	-	-	-	-	-	-	-	-	-	-	-	-	-	-	-	-	-	-	-	-	-	-	-	-	-	-	-	-	-	-	-	-	-
INF084	16703_5#17	16703_5#17	16703_5_17	ERR1008643	SAMEA3357091		yes	UTI	2013	Gorrie 2019			Klebsiella pneumoniae	strong	85	504806	719844	5288557	no	-	ST661	1	0	0	0	"ybt 4; plasmid"	65	-	0	-	0	-	0	-	0	-	wzi209	KL47	?-	Good	97,27%	KL47_15_rmlB,KL47_16_rmlA,KL47_18_rmlC	OL101	?-*	Good	92,08%	OL101_01_rfbB,OL101_02_rfbA,OL101_04_rfbC	-	-	-	-	-	-	-	-	-	-	-	-	-	-	-	-	-	SHV-27	156D	-	-	-	-	-	ST661	4	3	1	36	9	10	14	23	27	30	18	13	65	61	9	18	26	35	-	-	-	-	-	-	-	-	-	-	-	-	-	-	-	-	-	-	-	-	-	-	-	-	-	-	-	-
INF087	16703_5#20	16703_5#20	16703_5_20	ERR1008646	SAMEA3357098		yes	Wound or tissue	2013	Gorrie 2019			Klebsiella pneumoniae	strong	51	526500	1289331	5403214	no	-	ST3050	0	0	7	8	-	0	-	0	-	0	-	0	-	0	-	wzi109	KL36	none	Perfect	100,00%		O4	none	Very high	99,73%		"strA.v1^;strB.v1*"	-	-	qnrS1	-	-	catII.2*	-	sul2	tet(D)	-	dfrA14.v1^	TEM-1D.v1^	-	-	-	-	SHV-1^	-	-	-	"GyrA-83Y;GyrA-87A;ParC-80I"	-	-	ST3050	2	1	220	1	10	1	31	-	-	-	-	-	-	-	-	-	-	-	-	-	-	-	-	-	-	-	-	-	-	-	-	-	-	-	-	-	-	-	-	-	-	-	-	-	-	-
INF088	16703_5#21	16703_5#21	16703_5_21	ERR1008647	SAMEA3357100		yes	UTI	2013	Gorrie 2019			Klebsiella pneumoniae	strong	107	219750	422970	5461757	no	-	ST111	0	0	0	0	-	0	-	0	-	0	-	0	-	0	-	wzi350	KL113	?-*	Good	96,50%	KL113_06_wzc,KL113_16_wcaJ	O1/O2v2	-	High	98,70%	O1/O2v2_06_wbbO	-	-	-	-	-	-	-	-	-	-	-	-	-	-	-	-	-	SHV-40*	35Q	-	-	-	-	-	ST111	2	1	5	1	17	4	42	-	-	-	-	-	-	-	-	-	-	-	-	-	-	-	-	-	-	-	-	-	-	-	-	-	-	-	-	-	-	-	-	-	-	-	-	-	-	-
INF089	16703_5#22	16703_5#22	16703_5_22	ERR1008648	SAMEA3357102		yes	UTI	2013	Gorrie 2019			Klebsiella quasipneumoniae subsp. quasipneumoniae	strong	46	773890	1206229	5436842	no	-	ST3091	0	0	0	0	-	0	-	0	-	0	-	0	-	0	-	-	KL11	none	Perfect	100,00%		O3/O3a	none	Very high	95,96%		-	-	-	-	-	-	-	-	-	-	-	-	-	-	-	-	-	OKP-A-3*	-	-	-	-	-	-	ST3091	17	19	39	39	202	21	126	-	-	-	-	-	-	-	-	-	-	-	-	-	-	-	-	-	-	-	-	-	-	-	-	-	-	-	-	-	-	-	-	-	-	-	-	-	-	-
INF090	16703_5#23	16703_5#23	16703_5_23	ERR1008649	SAMEA3357103		yes	UTI	2013	Gorrie 2019			Klebsiella pneumoniae	strong	66	332392	785312	5341280	no	-	ST185	0	0	0	0	-	0	-	0	-	0	-	0	-	0	-	wzi362	KL130	none	Perfect	100,00%		O1/O2v2	none	Very high	98,74%		-	-	-	-	-	-	-	-	-	-	-	-	-	-	-	-	-	SHV-11.v1^	35Q	-	-	-	-	-	ST185	2	30	2	1	10	4	12	-	-	-	-	-	-	-	-	-	-	-	-	-	-	-	-	-	-	-	-	-	-	-	-	-	-	-	-	-	-	-	-	-	-	-	-	-	-	-
INF091	16703_5#24	16703_5#24	16703_5_24	ERR1008650	SAMEA3357106		yes	UTI	2013	Gorrie 2019			Klebsiella pneumoniae	strong	81	319097	1040951	5486364	no	-	ST45	1	0	1	1	"ybt 10; ICEKp4"	78	-	0	-	0	-	0	-	0	-	wzi101	KL24	none	Very high	99,02%		O2v1	none	Very high	98,76%		-	-	-	-	-	-	-	-	-	tet(D)	-	-	-	-	-	-	-	SHV-1^	-	-	-	-	-	-	ST45	2	1	1	6	7	1	12	3	12	4	11	3	21	18	3	10	16	2	-	-	-	-	-	-	-	-	-	-	-	-	-	-	-	-	-	-	-	-	-	-	-	-	-	-	-	-
INF092	16703_5#25	16703_5#25	16703_5_25	ERR1008651	SAMEA3357108		yes	Pneumonia	2013	Gorrie 2019			Klebsiella pneumoniae	strong	54	583464	1646077	5296939	no	-	ST2415	0	0	0	0	-	0	-	0	-	0	-	0	-	0	-	wzi363	KL131	none	Very high	100,00%		O4	none	Very high	99,72%		-	-	-	-	-	-	-	-	-	-	-	-	-	-	-	-	-	SHV-11.v1^	35Q	-	-	-	-	-	ST2415	6	1	1	1	9	1	43	-	-	-	-	-	-	-	-	-	-	-	-	-	-	-	-	-	-	-	-	-	-	-	-	-	-	-	-	-	-	-	-	-	-	-	-	-	-	-
INF093	16703_5#26	16703_5#26	16703_5_26	ERR1008652	SAMEA3357109		yes	Wound or tissue	2013	Gorrie 2019			Klebsiella pneumoniae	strong	156	371443	1325498	5749691	no	-	ST323	0	1	7	10	-	0	-	0	-	0	-	0	-	0	-	wzi262	KL21	none	Very high	100,00%		O3b	none	Very high	99,19%		"aac(6')-Ib-cr.v2;strA.v1^;strB.v1"	-	-	qnrB1.v2^	-	-	-	-	sul2	tet(A).v1	-	dfrA14.v1^	"OXA-1;TEM-1D.v1^"	-	CTX-M-15	-	-	SHV-1^	-	-	-	-	"CatB4.v1?-81%;fosA7*-15%"	-	ST323	2	1	1	1	9	1	93	-	-	-	-	-	-	-	-	-	-	-	-	-	-	-	-	-	-	-	-	-	-	-	-	-	-	-	-	-	-	-	-	-	-	-	-	-	-	-
INF096	16703_5#29	16703_5#29	16703_5_29	ERR1008655	SAMEA3357116		yes	UTI	2013	Gorrie 2019			Klebsiella pneumoniae	strong	111	335176	604142	5422340	no	-	ST603	1	0	0	0	"ybt 15; ICEKp11"	229	-	0	-	0	-	0	-	0	-	wzi385	KL22	none	Very high	99,25%		O3b	-	High	99,20%	O3b_02_manB	-	-	-	-	-	-	-	-	-	-	-	-	-	-	-	-	-	SHV-11.v1^	35Q	-	-	-	-	-	ST603	63	1	2	77	7	15	43	6	15	22	4	1	37	63	14	1	27	17	-	-	-	-	-	-	-	-	-	-	-	-	-	-	-	-	-	-	-	-	-	-	-	-	-	-	-	-
INF070	16703_5#3	16703_5#3	16703_5_3	ERR1008629	SAMEA3357063		yes	UTI	2013	Gorrie 2019			Klebsiella pneumoniae	strong	245	479411	1325498	5556003	no	-	ST323	0	1	7	8	-	0	-	0	-	0	-	0	-	0	-	wzi262	KL21	none	Very high	100,00%		O3b	none	Very high	99,18%		"strA.v1^;strB.v1"	-	-	qnrB1.v2^	-	-	-	-	sul2	tet(A).v1	-	dfrA14.v1^	TEM-1D.v1^	-	CTX-M-15	-	-	SHV-1^	-	-	-	-	fosA7*-15%	-	ST323	2	1	1	1	9	1	93	-	-	-	-	-	-	-	-	-	-	-	-	-	-	-	-	-	-	-	-	-	-	-	-	-	-	-	-	-	-	-	-	-	-	-	-	-	-	-
INF097	16703_5#30	16703_5#30	16703_5_30	ERR1008656	SAMEA3357117		yes	UTI	2013	Gorrie 2019			Klebsiella pneumoniae	strong	101	404490	945780	5450574	no	-	ST1307	1	0	0	0	"ybt 14; ICEKp5"	141	-	0	-	0	-	0	-	0	-	wzi202	KL127	none	Very high	99,96%		OL101	*	High	94,97%		-	-	-	-	-	-	-	-	-	-	-	-	-	-	-	-	-	SHV-11.v1^	35Q	-	-	-	-	-	ST1307	2	1	2	1	12	1	38	4	4	31	4	1	67	64	2	4	4	36	-	-	-	-	-	-	-	-	-	-	-	-	-	-	-	-	-	-	-	-	-	-	-	-	-	-	-	-
INF098	16703_5#31	16703_5#31	16703_5_31	ERR1008657	SAMEA3356964		yes	UTI	2013	Gorrie 2019			Klebsiella pneumoniae	strong	81	247576	621207	5369696	no	-	ST611	0	0	0	0	-	0	-	0	-	0	-	0	-	0	-	wzi333	KL71	*	High	93,53%		O3b	none	Very high	99,37%		-	-	-	-	-	-	-	-	-	-	-	-	-	-	-	-	-	SHV-27	156D	-	-	-	-	-	ST611	5	1	5	1	7	11	24	-	-	-	-	-	-	-	-	-	-	-	-	-	-	-	-	-	-	-	-	-	-	-	-	-	-	-	-	-	-	-	-	-	-	-	-	-	-	-
INF099	16703_5#32	16703_5#32	16703_5_32	ERR1008658	SAMEA3356966		yes	UTI	2013	Gorrie 2019			Klebsiella pneumoniae	strong	63	428079	1232385	5284851	no	-	ST1583	0	0	0	0	-	0	-	0	-	0	-	0	-	0	-	wzi384	KL102	none	Very high	99,45%		O2v2	none	Very high	98,52%		-	-	-	-	-	-	-	-	-	-	-	-	-	-	-	-	-	SHV-27	156D	-	-	-	-	-	ST1583	2	1	2	1	12	1	9	-	-	-	-	-	-	-	-	-	-	-	-	-	-	-	-	-	-	-	-	-	-	-	-	-	-	-	-	-	-	-	-	-	-	-	-	-	-	-
INF100	16703_5#33	16703_5#33	16703_5_33	ERR1008659	SAMEA3356967		yes	Wound or tissue	2013	Gorrie 2019			Klebsiella pneumoniae	strong	42	458478	1034810	5261729	no	-	ST22	0	0	0	0	-	0	-	0	-	0	-	0	-	0	-	wzi9	KL9	none	Very high	99,99%		O2v2	none	Very high	98,44%		-	-	-	-	-	-	-	-	-	-	-	-	-	-	-	-	-	SHV-1^	-	-	-	-	-	-	ST22	2	3	1	1	1	4	4	-	-	-	-	-	-	-	-	-	-	-	-	-	-	-	-	-	-	-	-	-	-	-	-	-	-	-	-	-	-	-	-	-	-	-	-	-	-	-
INF101	16703_5#34	16703_5#34	16703_5_34	ERR1008660	SAMEA3356969		yes	UTI	2013	Gorrie 2019			Klebsiella pneumoniae	strong	74	374899	852985	5468103	no	-	ST133	2	0	0	0	"ybt 17; ICEKp10"	267	clb 3	22	-	0	-	0	-	0	-	wzi180	KL116	-	High	99,97%	KL116_17_wcpG	O1v1	none	Very high	98,62%		-	-	-	-	-	-	-	-	-	-	-	-	-	-	-	-	-	SHV-75	-	-	-	-	-	-	ST133	12	1	1	2	5	1	36	6	15	5	13	11	28	26	2	11	4	2	2	16	2	2	2	4	2	8	2	2	2	2	2	2	2	-	-	-	-	-	-	-	-	-	-	-	-	-
INF103	16703_5#36	16703_5#36	16703_5_36	ERR1008662	SAMEA3356972		yes	UTI	2013	Gorrie 2019			Klebsiella variicola subsp. variicola	strong	162	398125	732832	5704367	no	-	ST3087	0	0	0	0	-	0	-	0	-	0	-	0	-	0	-	wzi223	KL46	?-*	None	93,08%	KL46_13_wcuV,KL46_14_wclT,KL46_15_wzx,KL46_16_wckQ	O5	none	Very high	99,64%		-	-	-	-	-	-	-	-	-	-	-	-	-	-	-	-	-	LEN-2^	-	-	-	-	-	-	ST3087	16	24	43	49	47	30	71	-	-	-	-	-	-	-	-	-	-	-	-	-	-	-	-	-	-	-	-	-	-	-	-	-	-	-	-	-	-	-	-	-	-	-	-	-	-	-
INF104	16703_5#37	16703_5#37	16703_5_37	ERR1008663	SAMEA3356973		yes	UTI	2013	Gorrie 2019			Klebsiella pneumoniae	strong	85	319097	1040951	5486211	no	-	ST45	1	0	1	1	"ybt 10; ICEKp4"	78	-	0	-	0	-	0	-	0	-	wzi101	KL24	none	Very high	99,02%		O2v1	none	Very high	98,76%		-	-	-	-	-	-	-	-	-	tet(D)	-	-	-	-	-	-	-	SHV-1	-	-	-	-	-	-	ST45	2	1	1	6	7	1	12	3	12	4	11	3	21	18	3	10	16	2	-	-	-	-	-	-	-	-	-	-	-	-	-	-	-	-	-	-	-	-	-	-	-	-	-	-	-	-
INF106	16703_5#39	16703_5#39	16703_5_39	ERR1008665	SAMEA3356976		yes	UTI	2013	Gorrie 2019			Klebsiella pneumoniae	strong	50	1053574	1599699	5267432	no	-	ST690	0	0	0	0	-	0	-	0	-	0	-	0	-	0	-	wzi275	KL30	-*	High	96,39%	KL30_13_wckN	O1v2	none	Very high	99,47%		-	-	-	-	-	-	-	-	-	-	-	-	-	-	-	-	-	SHV-187	-	-	-	-	-	-	ST690	2	3	1	1	1	1	4	-	-	-	-	-	-	-	-	-	-	-	-	-	-	-	-	-	-	-	-	-	-	-	-	-	-	-	-	-	-	-	-	-	-	-	-	-	-	-
INF071	16703_5#4	16703_5#4	16703_5_4	ERR1008630	SAMEA3357065		yes	UTI	2013	Gorrie 2019			Klebsiella pneumoniae	strong	103	370409	912923	5501936	no	-	ST607	0	0	0	0	-	0	-	0	-	0	-	0	-	0	-	wzi151	KL48	*	High	94,77%		O1v1	none	Very high	97,99%		-	-	-	-	-	-	-	-	-	-	-	-	-	-	-	-	-	SHV-1^	-	-	-	-	-	-	ST607	2	1	2	80	10	1	155	-	-	-	-	-	-	-	-	-	-	-	-	-	-	-	-	-	-	-	-	-	-	-	-	-	-	-	-	-	-	-	-	-	-	-	-	-	-	-
INF107	16703_5#40	16703_5#40	16703_5_40	ERR1008666	SAMEA3356978		yes	UTI	2013	Gorrie 2019			Klebsiella pneumoniae	strong	32	474187	1945288	5143313	no	-	ST3064	0	0	0	0	-	0	-	0	-	0	-	0	-	0	-	wzi115	KL54	none	Perfect	100,00%		O1v2	none	Very high	99,15%		-	-	-	-	-	-	-	-	-	-	-	-	-	-	-	-	-	SHV-172*	35Q	-	-	-	-	-	ST3064	3	20	2	1	1	4	18	-	-	-	-	-	-	-	-	-	-	-	-	-	-	-	-	-	-	-	-	-	-	-	-	-	-	-	-	-	-	-	-	-	-	-	-	-	-	-
INF108	16703_5#41	16703_5#41	16703_5_41	ERR1008667	SAMEA3356980		yes	Disseminated	2013	Gorrie 2019			Klebsiella pneumoniae	strong	60	370561	742019	5175392	no	-	ST247	0	0	0	0	-	0	-	0	-	0	-	0	-	0	-	wzi27	KL10	*	Very high	96,96%		O3b	none	Very high	98,76%		-	-	-	-	-	-	-	-	-	-	-	-	-	-	-	-	-	SHV-1^	-	-	-	-	-	-	ST247	10	7	2	2	3	25	4	-	-	-	-	-	-	-	-	-	-	-	-	-	-	-	-	-	-	-	-	-	-	-	-	-	-	-	-	-	-	-	-	-	-	-	-	-	-	-
INF109	16703_5#42	16703_5#42	16703_5_42	ERR1008668	SAMEA3356981		yes	Pneumonia	2013	Gorrie 2019			Klebsiella pneumoniae	strong	47	349952	959446	5106556	no	-	ST229	1	0	0	0	"ybt 9; ICEKp3 (incomplete)"	192-1LV	-	0	-	0	-	0	-	0	-	wzi325	KL63	none	Very high	98,82%		O1v1	none	Very high	98,19%		-	-	-	-	-	-	-	-	-	-	-	-	-	-	-	-	-	SHV-1^	-	OmpK35-59%	-	-	-	-	ST229	4	6	1	1	8	1	56	5	11	6	5	1	-	65	9	5	5	11	-	-	-	-	-	-	-	-	-	-	-	-	-	-	-	-	-	-	-	-	-	-	-	-	-	-	-	irp2_60*-65%
INF110	16703_5#43	16703_5#43	16703_5_43	ERR1008669	SAMEA3356984		yes	Pneumonia	2013	Gorrie 2019			Klebsiella pneumoniae	strong	111	338777	573066	5423196	no	-	ST520	0	0	3	4	-	0	-	0	-	0	-	0	-	0	-	wzi114	KL2	none	Very high	98,58%		O1v2	none	Very high	98,88%		"aadA2;aadA^"	-	-	-	-	-	cmlA1*	-	sul1^	-	-	-	-	-	-	-	-	SHV-1^	-	-	-	-	-	-	ST520	2	1	19	1	10	4	37	-	-	-	-	-	-	-	-	-	-	-	-	-	-	-	-	-	-	-	-	-	-	-	-	-	-	-	-	-	-	-	-	-	-	-	-	-	-	-
INF112	16703_5#45	16703_5#45	16703_5_45	ERR1008671	SAMEA3356988		yes	UTI	2013	Gorrie 2019			Klebsiella variicola subsp. variicola	strong	47	1154239	2046258	5671649	no	-	ST2988	0	0	0	0	-	0	-	0	-	0	-	0	-	0	-	wzi370	KL137	none	Very high	99,78%		O3/O3a	none	Very high	99,46%		-	-	-	-	-	-	-	-	-	-	-	-	-	-	-	-	-	LEN-16	-	-	-	-	-	-	ST2988	16	24	21	27	83	60	404	-	-	-	-	-	-	-	-	-	-	-	-	-	-	-	-	-	-	-	-	-	-	-	-	-	-	-	-	-	-	-	-	-	-	-	-	-	-	-
INF113	16703_5#46	16703_5#46	16703_5_46	ERR1008672	SAMEA3356990		yes	UTI	2013	Gorrie 2019			Klebsiella pneumoniae	strong	110	266085	578932	5517361	no	-	ST321	0	0	0	0	-	0	-	0	-	0	-	0	-	0	-	wzi131	KL3	none	Very high	99,62%		O2v2	none	Very high	98,54%		-	-	-	-	-	-	-	-	-	-	-	-	-	-	-	-	-	SHV-1^	-	-	-	-	-	fosA7*?-0%	ST321	4	16	2	1	28	3	40	-	-	-	-	-	-	-	-	-	-	-	-	-	-	-	-	-	-	-	-	-	-	-	-	-	-	-	-	-	-	-	-	-	-	-	-	-	-	-
INF114	16703_5#47	16703_5#47	16703_5_47	ERR1008673	SAMEA3356993		yes	UTI	2013	Gorrie 2019			Klebsiella variicola subsp. variicola	strong	55	506433	1313595	5625890	no	-	ST2989	0	0	0	0	-	0	-	0	-	0	-	0	-	0	-	wzi61	KL55	none	Very high	99,74%		O3/O3a	none	Very high	99,32%		-	-	-	-	-	-	-	-	-	-	-	-	-	-	-	-	-	LEN-2^	-	-	-	-	-	-	ST2989	16	58	30	38	229	22	45	-	-	-	-	-	-	-	-	-	-	-	-	-	-	-	-	-	-	-	-	-	-	-	-	-	-	-	-	-	-	-	-	-	-	-	-	-	-	-
INF117	16703_5#50	16703_5#50	16703_5_50	ERR1008676	SAMEA3356999		yes	UTI	2013	Gorrie 2019			Klebsiella pneumoniae	strong	39	522095	1304468	5128969	no	-	ST3045	0	0	0	0	-	0	-	0	-	0	-	0	-	0	-	wzi118	KL146	*	Very high	95,16%		O2v2	none	Very high	98,37%		-	-	-	-	-	-	-	-	-	-	-	-	-	-	-	-	-	SHV-1	-	-	-	-	-	-	ST3045	2	1	1	3	89	4	4	-	-	-	-	-	-	-	-	-	-	-	-	-	-	-	-	-	-	-	-	-	-	-	-	-	-	-	-	-	-	-	-	-	-	-	-	-	-	-
INF118	16703_5#51	16703_5#51	16703_5_51	ERR1008677	SAMEA3357001	GCA_020149875	yes	Wound or tissue	2013	Gorrie 2019			Klebsiella pneumoniae	strong	183	122197	294694	5690331	no	-	ST3073	0	0	0	0	-	0	-	0	-	0	-	0	-	0	-	wzi364	KL132	none	Perfect	100,00%		O1v1	none	Very high	98,77%		-	-	-	-	-	-	-	-	-	-	-	-	-	-	-	-	-	SHV-107*	35Q	-	-	-	-	-	ST3073	5	1	2	12	9	4	38	-	-	-	-	-	-	-	-	-	-	-	-	-	-	-	-	-	-	-	-	-	-	-	-	-	-	-	-	-	-	-	-	-	-	-	-	-	-	-
INF120	16703_5#53	16703_5#53	16703_5_53	ERR1008679	SAMEA3357006		yes	UTI	2013	Gorrie 2019			Klebsiella pneumoniae	strong	91	294176	916756	5411633	no	-	ST309	0	0	0	0	-	0	-	0	-	0	-	0	-	0	-	wzi42	KL42	none	Perfect	100,00%		O4	none	Very high	99,91%		-	-	-	-	-	-	-	-	-	-	-	-	-	-	-	-	-	SHV-11.v1^	35Q	-	-	-	-	-	ST309	2	9	2	1	13	1	10	-	-	-	-	-	-	-	-	-	-	-	-	-	-	-	-	-	-	-	-	-	-	-	-	-	-	-	-	-	-	-	-	-	-	-	-	-	-	-
INF123	16703_5#56	16703_5#56	16703_5_56	ERR1008682	SAMEA3357012		yes	UTI	2013	Gorrie 2019			Klebsiella variicola subsp. variicola	strong	39	421997	1940797	5446437	no	-	ST360	0	0	0	0	-	0	-	0	-	0	-	0	-	0	-	wzi53	KL53	none	Perfect	100,00%		O3/O3a	none	Very high	99,32%		-	-	-	-	-	-	-	-	-	-	-	-	-	-	-	-	-	LEN-30	-	-	-	-	-	-	ST360	16	24	21	53	47	17	67	-	-	-	-	-	-	-	-	-	-	-	-	-	-	-	-	-	-	-	-	-	-	-	-	-	-	-	-	-	-	-	-	-	-	-	-	-	-	-
INF126	16703_5#59	16703_5#59	16703_5_59	ERR1008685	SAMEA3357018		yes	UTI	2013	Gorrie 2019			Klebsiella pneumoniae	strong	60	313195	803403	5396995	no	-	ST1621	0	0	0	0	-	0	-	0	-	0	-	0	-	0	-	wzi97	KL46	none	Perfect	100,00%		O3b	none	Very high	99,21%		-	-	-	-	-	-	-	-	-	-	-	-	-	-	-	-	-	SHV-119^	35Q	OmpK35-25%	-	-	-	-	ST1621	4	3	1	2	1	1	62	-	-	-	-	-	-	-	-	-	-	-	-	-	-	-	-	-	-	-	-	-	-	-	-	-	-	-	-	-	-	-	-	-	-	-	-	-	-	-
INF128	16703_5#61	16703_5#61	16703_5_61	ERR1008687	SAMEA3357022		yes	Pneumonia	2013	Gorrie 2019			Klebsiella pneumoniae	strong	276	101362	274584	5465751	no	-	ST27	0	0	1	0	-	0	-	0	-	0	-	0	-	0	-	wzi386	KL169	?	Good	99,98%		OL104	?	Good	99,76%		-	-	-	-	-	-	-	-	-	-	-	-	-	-	-	-	-	SHV-40	35Q	-	MgrB-53%	-	-	-	ST27	2	1	11	1	9	10	23	-	-	-	-	-	-	-	-	-	-	-	-	-	-	-	-	-	-	-	-	-	-	-	-	-	-	-	-	-	-	-	-	-	-	-	-	-	-	-
INF129	16703_5#62	16703_5#62	16703_5_62	ERR1008688	SAMEA3357024		yes	UTI	2013	Gorrie 2019			Klebsiella pneumoniae	strong	82	371048	885647	5370390	no	-	ST1193	0	0	0	0	-	0	-	0	-	0	-	0	-	0	-	wzi22	KL22	none	Perfect	100,00%		O2v1	none	Very high	98,66%		-	-	-	-	-	-	-	-	-	-	-	-	-	-	-	-	-	SHV-1^	-	-	-	-	-	-	ST1193	2	83	2	1	9	4	135	-	-	-	-	-	-	-	-	-	-	-	-	-	-	-	-	-	-	-	-	-	-	-	-	-	-	-	-	-	-	-	-	-	-	-	-	-	-	-
INF130	16703_5#63	16703_5#63	16703_5_63	ERR1008689	SAMEA3357027		yes	UTI	2013	Gorrie 2019			Klebsiella pneumoniae	strong	146	214694	1010770	5534997	no	-	ST1441	0	0	0	0	-	0	-	0	-	0	-	0	-	0	-	wzi100	KL10	none	Very high	96,75%		O3b	none	Very high	99,26%		-	-	-	-	-	-	-	-	-	-	-	-	-	-	-	-	-	SHV-1^	-	-	-	-	-	-	ST1441	2	1	1	1	1	7	4	-	-	-	-	-	-	-	-	-	-	-	-	-	-	-	-	-	-	-	-	-	-	-	-	-	-	-	-	-	-	-	-	-	-	-	-	-	-	-
INF131	16703_5#64	16703_5#64	16703_5_64	ERR1008690	SAMEA3357029		yes	UTI	2013	Gorrie 2019			Klebsiella pneumoniae	strong	97	180032	541272	5254317	no	-	ST3066	0	0	0	0	-	0	-	0	-	0	-	0	-	0	-	wzi112	KL13	?	Good	98,77%		O3b	-	High	99,23%	O3b_08_wbdC	-	-	-	-	-	-	-	-	-	-	-	-	-	-	-	-	-	SHV-11.v1^	35Q	OmpK36-84%	-	-	-	-	ST3066	4	1	1	1	7	1	4	-	-	-	-	-	-	-	-	-	-	-	-	-	-	-	-	-	-	-	-	-	-	-	-	-	-	-	-	-	-	-	-	-	-	-	-	-	-	-
INF132	16703_5#65	16703_5#65	16703_5_65	ERR1008691	SAMEA3357031		yes	UTI	2013	Gorrie 2019			Klebsiella pneumoniae	strong	54	371522	1080139	5106253	no	-	ST3075	0	0	0	0	-	0	-	0	-	0	-	0	-	0	-	wzi366	KL133	none	Perfect	100,00%		O2v1	none	Very high	98,34%		-	-	-	-	-	-	-	-	-	-	-	-	-	-	-	-	-	SHV-27^	156D	-	-	-	-	-	ST3075	10	3	224	18	1	44	39	-	-	-	-	-	-	-	-	-	-	-	-	-	-	-	-	-	-	-	-	-	-	-	-	-	-	-	-	-	-	-	-	-	-	-	-	-	-	-
INF136	16703_5#69	16703_5#69	16703_5_69	ERR1008695	SAMEA3357038		yes	Wound or tissue	2013	Gorrie 2019			Klebsiella variicola subsp. variicola	strong	130	274106	758746	5940836	no	-	ST616	0	0	1	1	-	0	-	0	-	0	-	0	-	0	-	wzi304	KL54	?-+*	Good	94,37%	KL54_10_wckB,KL54_18_manC,KL54_19_manB	O5	?-	Good	99,57%	O5_01_manC,O5_02_manB	-	-	fosA7*	-	-	-	-	-	-	-	-	-	-	-	-	-	-	LEN-9	-	-	-	-	-	-	ST616	16	18	30	27	68	59	67	-	-	-	-	-	-	-	-	-	-	-	-	-	-	-	-	-	-	-	-	-	-	-	-	-	-	-	-	-	-	-	-	-	-	-	-	-	-	-
INF074	16703_5#7	16703_5#7	16703_5_7	ERR1008633	SAMEA3357072		yes	Disseminated	2013	Gorrie 2019			Klebsiella pneumoniae	strong	76	358876	1151373	5413232	no	-	ST111	0	0	0	0	-	0	-	0	-	0	-	0	-	0	-	wzi63	KL63	none	Very high	99,34%		O1v2	none	Very high	99,28%		-	-	-	-	-	-	-	-	-	-	-	-	-	-	-	-	-	SHV-11.v1^	35Q	-	-	-	-	-	ST111	2	1	5	1	17	4	42	-	-	-	-	-	-	-	-	-	-	-	-	-	-	-	-	-	-	-	-	-	-	-	-	-	-	-	-	-	-	-	-	-	-	-	-	-	-	-
INF138	16703_5#71	16703_5#71	16703_5_71	ERR1008696	SAMEA3357042		yes	UTI	2013	Gorrie 2019			Klebsiella pneumoniae	strong	54	387564	727435	5164634	no	-	ST458	0	0	0	0	-	0	-	0	-	0	-	0	-	0	-	wzi377	KL142	none	Very high	99,97%		O1v1	none	Very high	97,99%		-	-	-	-	-	-	-	-	-	-	-	-	-	-	-	-	-	SHV-28.v1*	-	-	-	-	-	-	ST458	2	1	2	2	10	4	9	-	-	-	-	-	-	-	-	-	-	-	-	-	-	-	-	-	-	-	-	-	-	-	-	-	-	-	-	-	-	-	-	-	-	-	-	-	-	-
INF139	16703_5#72	16703_5#72	16703_5_72	ERR1008697	SAMEA3357044		yes	UTI	2013	Gorrie 2019			Klebsiella pneumoniae	strong	68	324557	1083096	5486327	no	-	ST889	1	0	0	0	"ybt 14; ICEKp5"	151	-	0	-	0	-	0	-	0	-	wzi117	KL54	none	Very high	99,49%		O1v1	-	High	98,17%	O1/O2v1_03_wbbM	-	-	-	-	-	-	-	-	-	-	-	-	-	-	-	-	-	SHV-108^	35Q	-	-	-	-	-	ST889	3	1	1	4	3	1	19	4	4	5	4	1	69	62	2	4	4	20	-	-	-	-	-	-	-	-	-	-	-	-	-	-	-	-	-	-	-	-	-	-	-	-	-	-	-	-
INF147	16703_5#79	16703_5#79	16703_5_79	ERR1008704	SAMEA3357058		yes	UTI	2013	Gorrie 2019			Klebsiella pneumoniae	strong	119	361101	837769	5602068	no	-	ST412	1	0	0	0	"ybt 10; ICEKp4"	92	-	0	-	0	-	0	-	0	-	wzi206	KL57	none	Perfect	100,00%		O3b	none	Very high	99,33%		-	-	-	-	-	-	-	-	-	-	-	-	-	-	-	-	-	SHV-1	-	-	-	-	-	-	ST412	2	1	2	1	9	1	112	3	12	4	30	19	71	69	3	19	9	2	-	-	-	-	-	-	-	-	-	-	-	-	-	-	-	-	-	-	-	-	-	-	-	-	-	-	-	-
INF149	16703_5#81	16703_5#81	16703_5_81	ERR1008706	SAMEA3357062		yes	UTI	2013	Gorrie 2019			Klebsiella pneumoniae	strong	55	471431	884687	5258766	no	-	ST629	0	0	0	0	-	0	-	0	-	0	-	0	-	0	-	wzi368	KL134	none	Perfect	100,00%		O3/O3a	none	Very high	98,66%		-	-	-	-	-	-	-	-	-	-	-	-	-	-	-	-	-	SHV-11.v1^	35Q	-	-	-	-	-	ST629	2	3	87	1	12	1	26	-	-	-	-	-	-	-	-	-	-	-	-	-	-	-	-	-	-	-	-	-	-	-	-	-	-	-	-	-	-	-	-	-	-	-	-	-	-	-
INF150	16703_5#82	16703_5#82	16703_5_82	ERR1008707	SAMEA3357064		yes	Other	2013	Gorrie 2019			Klebsiella pneumoniae	strong	68	433618	732608	5256890	no	-	ST176	0	0	0	0	-	0	-	0	-	0	-	0	-	0	-	wzi112	KL13	none	Very high	98,80%		O3b	none	Very high	99,05%		-	-	-	-	-	-	-	-	-	-	-	-	-	-	-	-	-	SHV-1^	-	-	-	-	-	-	ST176	2	3	1	26	7	27	9	-	-	-	-	-	-	-	-	-	-	-	-	-	-	-	-	-	-	-	-	-	-	-	-	-	-	-	-	-	-	-	-	-	-	-	-	-	-	-
INF152	16703_5#84	16703_5#84	16703_5_84	ERR1008709	SAMEA3357067		yes	UTI	2013	Gorrie 2019			Klebsiella variicola subsp. variicola	strong	38	606849	1335650	5397037	no	-	ST3094	0	0	0	0	-	0	-	0	-	0	-	0	-	0	-	wzi210	KL103	none	Very high	99,65%		O3/O3a	none	Very high	99,06%		-	-	-	-	-	-	-	-	-	-	-	-	-	-	-	-	-	LEN-18	-	-	-	-	-	-	ST3094	28	98	21	40	38	17	251	-	-	-	-	-	-	-	-	-	-	-	-	-	-	-	-	-	-	-	-	-	-	-	-	-	-	-	-	-	-	-	-	-	-	-	-	-	-	-
INF153	16703_5#85	16703_5#85	16703_5_85	ERR1008710	SAMEA3357069		yes	UTI	2013	Gorrie 2019			Klebsiella pneumoniae	strong	67	443899	1008467	5437529	no	-	ST3046	0	0	0	0	-	0	-	0	-	0	-	0	-	0	-	wzi264	KL22	-+	Good	99,24%	KL22_15_wcaJ	O3b	-	High	99,18%	O3b_01_manC	-	-	-	-	-	-	-	-	-	-	-	-	-	-	-	-	-	SHV-27	156D	-	-	-	-	-	ST3046	2	1	1	82	7	1	12	-	-	-	-	-	-	-	-	-	-	-	-	-	-	-	-	-	-	-	-	-	-	-	-	-	-	-	-	-	-	-	-	-	-	-	-	-	-	-
INF257	16703_7#10	16703_7#10	16703_7_10	ERR1008720	SAMEA3357236		yes	UTI	2013	Gorrie 2019			Klebsiella pneumoniae	strong	79	289127	848353	5289021	no	-	ST1536	1	0	0	0	"ybt 4; plasmid"	35	-	0	-	0	-	0	-	0	-	-	KL30	-	High	99,16%	KL30_03_wzi	O1v1	none	Very high	98,00%		-	-	-	-	-	-	-	-	-	-	-	-	-	-	-	-	-	SHV-1^	-	-	-	-	-	-	ST1536	2	1	2	37	45	4	9	18	20	27	31	13	170-34%	71	19	8	30	35	-	-	-	-	-	-	-	-	-	-	-	-	-	-	-	-	-	-	-	-	-	-	-	-	-	-	-	-
INF258	16703_7#11	16703_7#11	16703_7_11	ERR1008721	SAMEA3357238		yes	UTI	2013	Gorrie 2019			Klebsiella pneumoniae	strong	113	328089	687846	5591536	no	-	ST3074	0	0	0	0	-	0	-	0	-	0	-	0	-	0	-	wzi112	KL13	none	Very high	98,77%		O3b	none	Very high	99,05%		-	-	-	-	-	-	-	-	-	-	-	-	-	-	-	-	-	SHV-1	-	-	-	-	-	-	ST3074	10	1	2	34	12	4	59	-	-	-	-	-	-	-	-	-	-	-	-	-	-	-	-	-	-	-	-	-	-	-	-	-	-	-	-	-	-	-	-	-	-	-	-	-	-	-
INF259	16703_7#12	16703_7#12	16703_7_12	ERR1008722	SAMEA3357240		yes	UTI	2013	Gorrie 2019			Klebsiella variicola subsp. variicola	strong	50	450225	1302918	5745599	no	-	ST3086	0	0	0	0	-	0	-	0	-	0	-	0	-	0	-	wzi53	KL53	?-	Good	99,74%	KL53_18_manB	O3/O3a	?-	Good	99,40%	O3/O3a_02_manB	-	-	-	-	-	-	-	-	-	-	-	-	-	-	-	-	-	LEN-2^	-	-	-	-	-	-	ST3086	16	24	21	53	50	33	207	-	-	-	-	-	-	-	-	-	-	-	-	-	-	-	-	-	-	-	-	-	-	-	-	-	-	-	-	-	-	-	-	-	-	-	-	-	-	-
INF260	16703_7#13	16703_7#13	16703_7_13	ERR1008723	SAMEA3357242		yes	Pneumonia	2013	Gorrie 2019			Klebsiella pneumoniae	strong	126	479411	1325466	5452883	no	-	ST323	0	1	8	11	-	0	-	0	-	0	-	0	-	0	-	wzi262	KL21	none	Very high	100,00%		O3b	none	Very high	99,19%		"aac(6')-Ib-cr.v2;strA.v1^;strB.v1"	-	-	qnrB1.v2^	-	-	CatB4.v1?	-	sul2	tet(A).v1	-	dfrA14.v1^	"OXA-1;TEM-1D.v1^"	-	CTX-M-15	-	-	SHV-1^	-	-	-	-	fosA7*-15%	-	ST323	2	1	1	1	9	1	93	-	-	-	-	-	-	-	-	-	-	-	-	-	-	-	-	-	-	-	-	-	-	-	-	-	-	-	-	-	-	-	-	-	-	-	-	-	-	-
INF261	16703_7#14	16703_7#14	16703_7_14	ERR1008724	SAMEA3357244		yes	UTI	2013	Gorrie 2019			Klebsiella pneumoniae	strong	145	351043	782218	5605444	no	-	ST29	0	1	7	10	-	0	-	0	-	0	-	0	-	0	-	wzi85	KL30	?-+*	Good	96,55%	KL30_15_wcuG	O1v2	?-	Good	99,40%	O1/O2v2_08_gmlC,O1/O2v2_09_gmlB	"aac(6')-Ib-cr.v2;strA.v1^;strB.v1"	-	-	qnrB1.v2^	-	-	-	-	sul2	tet(A).v1	-	dfrA14.v1^	"OXA-1;TEM-1D.v1^"	-	CTX-M-15	-	-	SHV-187	-	-	-	-	CatB4.v1?-81%	-	ST29	2	3	2	2	6	4	4	-	-	-	-	-	-	-	-	-	-	-	-	-	-	-	-	-	-	-	-	-	-	-	-	-	-	-	-	-	-	-	-	-	-	-	-	-	-	-
INF262	16703_7#15	16703_7#15	16703_7_15	ERR1008725	SAMEA3357246		yes	Wound or tissue	2013	Gorrie 2019			Klebsiella pneumoniae	strong	89	276109	626724	5557456	no	-	ST221	0	0	0	0	-	0	-	0	-	0	-	0	-	0	-	wzi39	KL39	none	Very high	99,99%		O3b	none	Very high	99,16%		-	-	-	-	-	-	-	-	-	-	-	-	-	-	-	-	-	SHV-11.v1^	35Q	-	-	-	-	-	ST221	2	5	1	6	9	1	10	-	-	-	-	-	-	-	-	-	-	-	-	-	-	-	-	-	-	-	-	-	-	-	-	-	-	-	-	-	-	-	-	-	-	-	-	-	-	-
INF264	16703_7#16	16703_7#16	16703_7_16	ERR1008726	SAMEA3357249		yes	UTI	2013	Gorrie 2019			Klebsiella pneumoniae	strong	110	332525	630054	5525063	no	-	ST1017	0	0	0	0	-	0	-	0	-	0	-	0	-	0	-	wzi130	KL58	none	Very high	99,99%		O3b	?-	Good	99,01%	O3b_08_wbdC	-	-	-	-	-	-	-	-	-	-	-	-	-	-	-	-	-	SHV-11.v1^	35Q	-	-	-	-	fosA7*?-0%	ST1017	2	2	2	1	1	4	34	-	-	-	-	-	-	-	-	-	-	-	-	-	-	-	-	-	-	-	-	-	-	-	-	-	-	-	-	-	-	-	-	-	-	-	-	-	-	-
INF265	16703_7#17	16703_7#17	16703_7_17	ERR1008727	SAMEA3357251		yes	Pneumonia	2013	Gorrie 2019			Klebsiella pneumoniae	strong	57	428344	926085	5413387	no	-	ST1507	0	0	0	0	-	0	-	0	-	0	-	0	-	0	-	wzi354	KL114	none	Very high	99,18%		O3b	none	Very high	98,67%		-	-	-	-	-	-	-	-	-	-	-	-	-	-	-	-	-	SHV-11.v1^	35Q	-	-	-	-	-	ST1507	2	9	2	1	13	1	24	-	-	-	-	-	-	-	-	-	-	-	-	-	-	-	-	-	-	-	-	-	-	-	-	-	-	-	-	-	-	-	-	-	-	-	-	-	-	-
INF268	16703_7#19	16703_7#19	16703_7_19	ERR1008729	SAMEA3357257		yes	UTI	2013	Gorrie 2019			Klebsiella pneumoniae	strong	88	436966	913983	5485136	no	-	ST3098	1	0	6	8	"ybt 10; ICEKp4"	93	-	0	-	0	-	0	-	0	-	wzi101	KL24	none	Very high	99,02%		O2v1	none	Very high	98,76%		"aph3-Ia.v1*?;strA.v1^;strB.v1"	-	-	-	-	-	catA1^	-	sul2	tet(D)	-	dfrA14.v1^	TEM-1D.v1^	-	-	-	-	SHV-1	-	-	-	-	sul1?-0%	-	ST3098	163	1	1	6	7	1	12	3	12	4	32	3	21	72	3	10	16	2	-	-	-	-	-	-	-	-	-	-	-	-	-	-	-	-	-	-	-	-	-	-	-	-	-	-	-	-
INF248	16703_7#2	16703_7#2	16703_7_2	ERR1008713	SAMEA3357221		yes	UTI	2013	Gorrie 2019			Klebsiella pneumoniae	strong	40	843218	1925369	5181810	no	-	ST3063	0	0	0	0	-	0	-	0	-	0	-	0	-	0	-	wzi95	KL20	none	Very high	99,74%		O2v1	none	Very high	99,13%		-	-	-	-	-	-	-	-	-	-	-	-	-	-	-	-	-	SHV-1^	-	-	-	-	-	-	ST3063	3	1	35	3	3	4	39	-	-	-	-	-	-	-	-	-	-	-	-	-	-	-	-	-	-	-	-	-	-	-	-	-	-	-	-	-	-	-	-	-	-	-	-	-	-	-
INF269	16703_7#20	16703_7#20	16703_7_20	ERR1008730	SAMEA3357259		yes	UTI	2013	Gorrie 2019			Klebsiella pneumoniae	strong	46	562386	1189321	5461158	no	-	ST13	2	0	0	0	"ybt 17; ICEKp10"	239	clb 3	23	-	0	-	0	-	0	-	wzi40	KL3	none	Very high	100,00%		O1v2	none	Very high	98,74%		-	-	-	-	-	-	-	-	-	-	-	-	-	-	-	-	-	SHV-1^	-	-	-	-	-	-	ST13	2	3	1	1	10	1	19	6	15	33	4	11	28	26	2	11	4	2	2	17	2	2	2	2	2	8	2	2	5	2	2	2	2	-	-	-	-	-	-	-	-	-	-	-	-	-
INF271	16703_7#22	16703_7#22	16703_7_22	ERR1008732	SAMEA3357263		yes	UTI	2013	Gorrie 2019			Klebsiella pneumoniae	strong	61	326365	976179	5374487	no	-	ST37	0	0	0	0	-	0	-	0	-	0	-	0	-	0	-	wzi50	KL15	none	Very high	99,79%		O4	none	Very high	99,71%		-	-	-	-	-	-	-	-	-	-	-	-	-	-	-	-	-	SHV-11.v1^	35Q	-	-	-	-	fosA7*?-0%	ST37	2	9	2	1	13	1	16	-	-	-	-	-	-	-	-	-	-	-	-	-	-	-	-	-	-	-	-	-	-	-	-	-	-	-	-	-	-	-	-	-	-	-	-	-	-	-
INF273	16703_7#24	16703_7#24	16703_7_24	ERR1008734	SAMEA3357267		yes	Disseminated	2013	Gorrie 2019			Klebsiella pneumoniae	strong	83	322161	1137610	5450340	no	-	ST500	0	0	0	0	-	0	-	0	-	0	-	0	-	0	-	wzi34	KL34	none	Very high	100,00%		O1v1	none	Very high	98,90%		-	-	-	-	-	-	-	-	-	-	-	-	-	-	-	-	-	SHV-11.v1^	35Q	-	-	-	-	-	ST500	2	6	1	72	4	4	64	-	-	-	-	-	-	-	-	-	-	-	-	-	-	-	-	-	-	-	-	-	-	-	-	-	-	-	-	-	-	-	-	-	-	-	-	-	-	-
INF282	16703_7#31	16703_7#31	16703_7_31	ERR1008740	SAMEA3357278		yes	UTI	2014	Gorrie 2019			Klebsiella pneumoniae	strong	144	376128	837579	5598644	no	-	ST29	0	1	7	10	-	0	-	0	-	0	-	0	-	0	-	wzi85	KL30	-+*	Good	96,55%	KL30_15_wcuG	O1v2	?-	Good	99,40%	O1/O2v2_08_gmlC,O1/O2v2_09_gmlB	"aac(6')-Ib-cr.v2;strA.v1^;strB.v1"	-	-	qnrB1.v2^	-	-	-	-	sul2	tet(A).v1	-	dfrA14.v1^	"OXA-1;TEM-1D.v1^"	-	CTX-M-15	-	-	SHV-187	-	-	-	-	CatB4.v1?-81%	-	ST29	2	3	2	2	6	4	4	-	-	-	-	-	-	-	-	-	-	-	-	-	-	-	-	-	-	-	-	-	-	-	-	-	-	-	-	-	-	-	-	-	-	-	-	-	-	-
INF283	16703_7#32	16703_7#32	16703_7_32	ERR1008741	SAMEA3357280		yes	UTI	2013	Gorrie 2019			Klebsiella pneumoniae	strong	75	367375	707457	5486527	no	-	ST111	1	0	0	0	"ybt 7; ICEKp7"	67	-	0	-	0	-	0	-	0	-	wzi63	KL63	none	Very high	99,36%		O1v2	none	Very high	99,29%		-	-	-	-	-	-	-	-	-	-	-	-	-	-	-	-	-	SHV-11.v1^	35Q	-	-	-	-	-	ST111	2	1	5	1	17	4	42	24	11	34	33	1	75	73	9	20	31	40	-	-	-	-	-	-	-	-	-	-	-	-	-	-	-	-	-	-	-	-	-	-	-	-	-	-	-	-
INF284	16703_7#33	16703_7#33	16703_7_33	ERR1008742	SAMEA3357282		yes	UTI	2014	Gorrie 2019			Klebsiella pneumoniae	strong	100	321165	559578	5485929	no	-	ST3072	0	0	0	0	-	0	-	0	-	0	-	0	-	0	-	wzi160	KL39	none	Very high	99,26%		O2v1	none	Very high	98,72%		-	-	-	-	-	-	-	-	-	-	-	-	-	-	-	-	-	SHV-1^	-	-	-	-	-	-	ST3072	4	4	1	97	27	7	4	-	-	-	-	-	-	-	-	-	-	-	-	-	-	-	-	-	-	-	-	-	-	-	-	-	-	-	-	-	-	-	-	-	-	-	-	-	-	-
INF286	16703_7#35	16703_7#35	16703_7_35	ERR1008744	SAMEA3357285		yes	UTI	2014	Gorrie 2019			Klebsiella pneumoniae	strong	67	422956	1004447	5184393	no	-	ST3096	0	0	7	12	-	0	-	0	-	0	-	0	-	0	-	wzi130	KL58	?-	Good	99,98%	KL58_18_wcaJ	O3b	none	Very high	99,02%		"aadA2;aadA^;strA.v1^;strB.v1"	-	-	qnrS1	-	-	"cmlA1*;floR.v1"	-	"sul2;sul3"	tet(A).v2	-	dfrA12	TEM-1D.v1^	-	-	-	-	SHV-26	-	-	-	-	-	-	ST3096	71	1	1	35	16	4	4	-	-	-	-	-	-	-	-	-	-	-	-	-	-	-	-	-	-	-	-	-	-	-	-	-	-	-	-	-	-	-	-	-	-	-	-	-	-	-
INF287	16703_7#36	16703_7#36	16703_7_36	ERR1008745	SAMEA3357287		yes	UTI	2014	Gorrie 2019			Klebsiella variicola subsp. variicola	strong	80	1029140	1815807	5599457	no	-	ST3082	0	0	0	0	-	0	-	0	-	0	-	0	-	0	-	-	KL57	*	Very high	97,03%		O3/O3a	none	Very high	99,28%		-	-	-	-	-	-	-	-	-	-	-	-	-	-	-	-	-	LEN-38*	-	-	-	-	-	-	ST3082	16	24	21	27	42	17	67	-	-	-	-	-	-	-	-	-	-	-	-	-	-	-	-	-	-	-	-	-	-	-	-	-	-	-	-	-	-	-	-	-	-	-	-	-	-	-
INF288	16703_7#37	16703_7#37	16703_7_37	ERR1008746	SAMEA3357290		yes	UTI	2014	Gorrie 2019			Klebsiella variicola subsp. variicola	strong	144	244117	820574	6100425	no	-	ST3084	0	0	0	0	-	0	-	0	-	0	-	0	-	0	-	wzi188	KL125	none	Perfect	100,00%		O5	none	Very high	99,52%		-	-	-	-	-	-	-	-	-	-	-	-	-	-	-	-	-	LEN-58*	-	-	-	-	-	-	ST3084	16	24	21	27	317	22	178	-	-	-	-	-	-	-	-	-	-	-	-	-	-	-	-	-	-	-	-	-	-	-	-	-	-	-	-	-	-	-	-	-	-	-	-	-	-	-
INF289	16703_7#38	16703_7#38	16703_7_38	ERR1008747	SAMEA3357292		yes	UTI	2014	Gorrie 2019			Klebsiella pneumoniae	strong	140	376128	837582	5598941	no	-	ST29	0	1	7	10	-	0	-	0	-	0	-	0	-	0	-	wzi85	KL30	-+*	Good	96,55%	KL30_15_wcuG	O1v2	?-	Good	99,40%	O1/O2v2_08_gmlC,O1/O2v2_09_gmlB	"aac(6')-Ib-cr.v2;strA.v1^;strB.v1"	-	-	qnrB1.v2^	-	-	-	-	sul2	tet(A).v1	-	dfrA14.v1^	"OXA-1;TEM-1D.v1^"	-	CTX-M-15	-	-	SHV-187	-	-	-	-	CatB4.v1?-81%	-	ST29	2	3	2	2	6	4	4	-	-	-	-	-	-	-	-	-	-	-	-	-	-	-	-	-	-	-	-	-	-	-	-	-	-	-	-	-	-	-	-	-	-	-	-	-	-	-
INF292	16703_7#41	16703_7#41	16703_7_41	ERR1008750	SAMEA3357298		yes	UTI	2014	Gorrie 2019			Klebsiella pneumoniae	strong	101	593360	719814	5505942	no	-	ST661	1	0	0	0	"ybt 4; plasmid"	32	-	0	-	0	-	0	-	0	-	wzi84	KL28	none	Very high	99,46%		O2v1	none	Very high	98,85%		-	-	-	-	-	-	-	-	-	-	-	-	-	-	-	-	-	SHV-27	156D	-	-	-	-	-	ST661	4	3	1	36	9	10	14	18	20	27	18	13	76	71	20	8	26	35	-	-	-	-	-	-	-	-	-	-	-	-	-	-	-	-	-	-	-	-	-	-	-	-	-	-	-	-
INF294	16703_7#42	16703_7#42	16703_7_42	ERR1008751	SAMEA3357300		yes	UTI	2014	Gorrie 2019			Klebsiella pneumoniae	strong	126	319218	492555	5334907	no	-	ST37	0	0	0	0	-	0	-	0	-	0	-	0	-	0	-	wzi50	KL15	none	Very high	99,78%		O4	none	Very high	99,71%		-	-	-	-	-	-	-	-	-	-	-	-	-	-	-	-	-	SHV-11.v1^	35Q	-	-	-	-	fosA7*?-0%	ST37	2	9	2	1	13	1	16	-	-	-	-	-	-	-	-	-	-	-	-	-	-	-	-	-	-	-	-	-	-	-	-	-	-	-	-	-	-	-	-	-	-	-	-	-	-	-
INF295	16703_7#43	16703_7#43	16703_7_43	ERR1008752	SAMEA3357302		yes	UTI	2014	Gorrie 2019			Klebsiella pneumoniae	strong	101	371554	983728	5617779	no	-	ST323	0	1	5	6	-	0	-	0	-	0	-	0	-	0	-	wzi262	KL21	none	Very high	100,00%		O3b	none	Very high	99,18%		"strA.v1^;strB.v1"	-	-	-	-	-	-	-	sul2	-	-	dfrA14.v1^	TEM-1D.v1^	-	CTX-M-15	-	-	SHV-1^	-	-	-	-	fosA7*-15%	-	ST323	2	1	1	1	9	1	93	-	-	-	-	-	-	-	-	-	-	-	-	-	-	-	-	-	-	-	-	-	-	-	-	-	-	-	-	-	-	-	-	-	-	-	-	-	-	-
INF297	16703_7#45	16703_7#45	16703_7_45	ERR1008754	SAMEA3357153		yes	UTI	2014	Gorrie 2019			Klebsiella pneumoniae	strong	132	192620	513206	5597208	no	-	ST461	0	0	0	0	-	0	-	0	-	0	-	0	-	0	-	wzi149	KL62	?-	Good	99,31%	KL62_12	O1v2	none	Very high	98,47%		-	-	-	-	-	-	-	-	-	-	-	-	-	-	-	-	-	SHV-1^	-	-	-	-	-	-	ST461	3	1	13	34	63	1	64	-	-	-	-	-	-	-	-	-	-	-	-	-	-	-	-	-	-	-	-	-	-	-	-	-	-	-	-	-	-	-	-	-	-	-	-	-	-	-
INF301	16703_7#48	16703_7#48	16703_7_48	ERR1008757	SAMEA3357159		yes	Pneumonia	2014	Gorrie 2019			Klebsiella pneumoniae	strong	196	109867	374721	5290390	no	-	ST27	0	0	0	0	-	0	-	0	-	0	-	0	-	0	-	wzi321	KL61	?-	Good	96,56%	KL61_12_wcqZ	O1v1	none	Very high	98,60%		-	-	-	-	-	-	-	-	-	-	-	-	-	-	-	-	-	SHV-40	35Q	-	-	-	-	-	ST27	2	1	11	1	9	10	23	-	-	-	-	-	-	-	-	-	-	-	-	-	-	-	-	-	-	-	-	-	-	-	-	-	-	-	-	-	-	-	-	-	-	-	-	-	-	-
INF251	16703_7#5	16703_7#5	16703_7_5	ERR1008716	SAMEA3357227		yes	UTI	2013	Gorrie 2019			Klebsiella pneumoniae	strong	108	357448	920638	5485644	no	-	ST485	0	0	5	5	-	0	-	0	-	0	-	0	-	0	-	wzi84	KL28	none	Very high	99,37%		O2v1	none	Very high	98,86%		strA.v1*	-	-	qnrS1	-	-	-	-	sul2	tet(A).v1	-	dfrA14.v1^	-	-	-	-	-	SHV-27^	156D	-	-	"GyrA-83I;ParC-80I"	-	-	ST485	2	1	1	1	7	1	12	-	-	-	-	-	-	-	-	-	-	-	-	-	-	-	-	-	-	-	-	-	-	-	-	-	-	-	-	-	-	-	-	-	-	-	-	-	-	-
INF303	16703_7#50	16703_7#50	16703_7_50	ERR1008759	SAMEA3357163		yes	Wound or tissue	2014	Gorrie 2019			Klebsiella pneumoniae	strong	72	390138	903253	5218781	no	-	ST3054	0	0	0	0	-	0	-	0	-	0	-	0	-	0	-	wzi441	KL46	?-*	Good	98,76%	KL46_18_manC,KL46_19_manB	O3b	?-	Good	99,21%	O3b_01_manC,O3b_02_manB	-	-	-	-	-	-	-	-	-	-	-	-	-	-	-	-	-	SHV-11.v1^	35Q	-	-	-	-	-	ST3054	2	3	87	1	318	1	26	-	-	-	-	-	-	-	-	-	-	-	-	-	-	-	-	-	-	-	-	-	-	-	-	-	-	-	-	-	-	-	-	-	-	-	-	-	-	-
INF306	16703_7#52	16703_7#52	16703_7_52	ERR1008761	SAMEA3357167		yes	UTI	2014	Gorrie 2019			Klebsiella pneumoniae	strong	60	404205	966710	5247790	no	-	ST3069	0	0	0	0	-	0	-	0	-	0	-	0	-	0	-	wzi209	KL47	?-	Good	97,42%	KL47_15_rmlB	OL101	?-	Good	91,91%	OL101_01_rfbB,OL101_09_glycosylhydrolase	-	-	-	-	-	-	-	-	-	-	-	-	-	-	-	-	-	SHV-60	35Q	-	-	-	-	-	ST3069	4	1	1	2	319	4	100	-	-	-	-	-	-	-	-	-	-	-	-	-	-	-	-	-	-	-	-	-	-	-	-	-	-	-	-	-	-	-	-	-	-	-	-	-	-	-
INF307	16703_7#53	16703_7#53	16703_7_53	ERR1008762	SAMEA3357169		yes	UTI	2014	Gorrie 2019			Klebsiella variicola subsp. variicola	strong	73	387645	1284066	5828449	no	-	ST1456	0	0	1	1	-	0	-	0	-	0	-	0	-	0	-	wzi319	KL60	?-+	Good	99,40%	KL60_18_manC,KL60_19_manB	O5	?-	Good	99,50%	O5_01_manC,O5_02_manB	-	-	fosA7*	-	-	-	-	-	-	-	-	-	-	-	-	-	-	LEN-55*	-	-	-	-	-	-	ST1456	16	18	42	27	55	22	241	-	-	-	-	-	-	-	-	-	-	-	-	-	-	-	-	-	-	-	-	-	-	-	-	-	-	-	-	-	-	-	-	-	-	-	-	-	-	-
INF308	16703_7#54	16703_7#54	16703_7_54	ERR1008763	SAMEA3357171		yes	UTI	2014	Gorrie 2019			Klebsiella pneumoniae	strong	60	555535	781493	5268228	no	-	ST1997	0	0	0	0	-	0	-	0	-	0	-	0	-	0	-	wzi84	KL28	none	Very high	99,38%		O2v1	none	Very high	98,86%		-	-	-	-	-	-	-	-	-	-	-	-	-	-	-	-	-	SHV-11.v1^	35Q	-	-	-	-	-	ST1997	3	3	95	1	16	1	321	-	-	-	-	-	-	-	-	-	-	-	-	-	-	-	-	-	-	-	-	-	-	-	-	-	-	-	-	-	-	-	-	-	-	-	-	-	-	-
INF309	16703_7#55	16703_7#55	16703_7_55	ERR1008764	SAMEA3357173		yes	UTI	2014	Gorrie 2019			Klebsiella quasipneumoniae subsp. similipneumoniae	strong	105	445533	918925	5393351	no	-	ST1548	0	0	2	2	-	0	-	0	-	0	-	0	-	0	-	wzi231	KL170	none	Very high	100,00%		O3/O3a	none	Very high	95,97%		aadA^	-	-	-	-	-	-	-	sul1	-	-	-	-	-	-	-	-	OKP-B-2	-	-	-	-	-	-	ST1548	18	22	18	22	115	37	179	-	-	-	-	-	-	-	-	-	-	-	-	-	-	-	-	-	-	-	-	-	-	-	-	-	-	-	-	-	-	-	-	-	-	-	-	-	-	-
INF314	16703_7#58	16703_7#58	16703_7_58	ERR1008767	SAMEA3357179		yes	UTI	2014	Gorrie 2019			Klebsiella pneumoniae	strong	139	351043	782218	5591909	no	-	ST29	0	1	7	10	-	0	-	0	-	0	-	0	-	0	-	wzi85	KL30	?-+*	Good	96,55%	KL30_15_wcuG,KL30_16_wcaJ	O1v2	?-	Good	99,40%	O1/O2v2_08_gmlC,O1/O2v2_09_gmlB	"aac(6')-Ib-cr.v2;strA.v1^;strB.v1"	-	-	qnrB1.v2^	-	-	-	-	sul2	tet(A).v1	-	dfrA14.v1^	"OXA-1;TEM-1D.v1^"	-	CTX-M-15	-	-	SHV-187	-	-	-	-	CatB4.v1?-81%	-	ST29	2	3	2	2	6	4	4	-	-	-	-	-	-	-	-	-	-	-	-	-	-	-	-	-	-	-	-	-	-	-	-	-	-	-	-	-	-	-	-	-	-	-	-	-	-	-
INF315	16703_7#59	16703_7#59	16703_7_59	ERR1008768	SAMEA3357181		yes	Disseminated	2014	Gorrie 2019			Klebsiella pneumoniae	strong	47	852527	1847594	5280077	no	-	ST3057	1	0	0	0	"ybt 10; ICEKp4"	109	-	0	-	0	-	0	-	0	-	wzi22	KL30	*	Very high	96,47%		O1v1	none	Very high	97,98%		-	-	-	-	-	-	-	-	-	-	-	-	-	-	-	-	-	SHV-1^	-	-	-	-	-	-	ST3057	2	6	221	1	1	1	4	3	30	4	34	21	77	76	3	10	9	2	-	-	-	-	-	-	-	-	-	-	-	-	-	-	-	-	-	-	-	-	-	-	-	-	-	-	-	-
INF252	16703_7#6	16703_7#6	16703_7_6	ERR1008717	SAMEA3357229		yes	UTI	2013	Gorrie 2019			Klebsiella pneumoniae	strong	98	475828	980744	5427255	no	-	ST485	0	0	4	4	-	0	-	0	-	0	-	0	-	0	-	wzi84	KL28	none	Very high	99,37%		O2v1	none	Very high	98,86%		strA.v1*	-	-	qnrS1	-	-	-	-	sul2	-	-	dfrA14.v1^	-	-	-	-	-	SHV-27^	156D	-	-	"GyrA-83I;ParC-80I"	-	-	ST485	2	1	1	1	7	1	12	-	-	-	-	-	-	-	-	-	-	-	-	-	-	-	-	-	-	-	-	-	-	-	-	-	-	-	-	-	-	-	-	-	-	-	-	-	-	-
INF317	16703_7#61	16703_7#61	16703_7_61	ERR1008770	SAMEA3357184		yes	Pneumonia	2014	Gorrie 2019			Klebsiella pneumoniae	strong	101	232895	453138	5421036	no	-	ST792	2	0	0	0	"ybt 17; ICEKp10"	281	clb 3	15	-	0	-	0	-	0	-	wzi25	KL25	none	Perfect	100,00%		O3/O3a	none	Very high	98,57%		-	-	-	-	-	-	-	-	-	-	-	-	-	-	-	-	-	SHV-1*	-	-	-	-	-	-	ST792	2	7	1	26	1	4	4	6	15	5	4	11	78	26	2	11	4	2	2	10	2	2	2	2	2	3	2	2	2	2	6	2	2	-	-	-	-	-	-	-	-	-	-	-	-	-
INF318	16703_7#62	16703_7#62	16703_7_62	ERR1008771	SAMEA3357186		yes	Pneumonia	2014	Gorrie 2019			Klebsiella quasipneumoniae subsp. similipneumoniae	strong	107	375750	918925	5425077	no	-	ST1548	0	0	2	2	-	0	-	0	-	0	-	0	-	0	-	wzi231	KL170	none	Very high	100,00%		O3/O3a	none	Very high	95,97%		aadA^	-	-	-	-	-	-	-	sul1	-	-	-	-	-	-	-	-	OKP-B-2	-	-	-	-	-	-	ST1548	18	22	18	22	115	37	179	-	-	-	-	-	-	-	-	-	-	-	-	-	-	-	-	-	-	-	-	-	-	-	-	-	-	-	-	-	-	-	-	-	-	-	-	-	-	-
INF320	16703_7#64	16703_7#64	16703_7_64	ERR1008773	SAMEA3357189		yes	UTI	2014	Gorrie 2019			Klebsiella variicola subsp. variicola	strong	99	382910	1154120	5682742	no	-	ST1142	0	0	2	2	-	0	-	0	-	0	-	0	-	0	-	wzi339	KL105	*	Very high	96,68%		O5	none	Very high	99,55%		-	-	-	-	-	-	catA1*?	-	-	tet(D)	-	-	-	-	-	-	-	LEN-17^	-	-	-	-	-	-	ST1142	16	24	57	62	92	22	104	-	-	-	-	-	-	-	-	-	-	-	-	-	-	-	-	-	-	-	-	-	-	-	-	-	-	-	-	-	-	-	-	-	-	-	-	-	-	-
INF324	16703_7#68	16703_7#68	16703_7_68	ERR1008777	SAMEA3357199		yes	UTI	2014	Gorrie 2019			Klebsiella pneumoniae	strong	35	848856	1865931	5114690	no	-	ST3058	0	0	0	0	-	0	-	0	-	0	-	0	-	0	-	wzi104	KL51	none	Very high	99,33%		O12	none	Very high	98,08%		-	-	-	-	-	-	-	-	-	-	-	-	-	-	-	-	-	SHV-187*	-	-	-	-	-	-	ST3058	2	6	222	1	140	25	19	-	-	-	-	-	-	-	-	-	-	-	-	-	-	-	-	-	-	-	-	-	-	-	-	-	-	-	-	-	-	-	-	-	-	-	-	-	-	-
INF325	16703_7#69	16703_7#69	16703_7_69	ERR1008778	SAMEA3357201		yes	Disseminated	2014	Gorrie 2019			Klebsiella pneumoniae	strong	97	376149	1137336	5444664	no	-	ST3048	0	0	0	0	-	0	-	0	-	0	-	0	-	0	-	wzi2	KL30	none	Very high	99,17%		O1v1	none	Very high	98,24%		-	-	-	-	-	-	-	-	-	-	-	-	-	-	-	-	-	SHV-161*	156S	-	-	-	-	fosA7*?-0%	ST3048	2	1	2	1	60	160	2	-	-	-	-	-	-	-	-	-	-	-	-	-	-	-	-	-	-	-	-	-	-	-	-	-	-	-	-	-	-	-	-	-	-	-	-	-	-	-
INF253	16703_7#7	16703_7#7	16703_7_7	ERR1008718	SAMEA3357230		yes	UTI	2013	Gorrie 2019			Klebsiella pneumoniae	strong	89	370494	735606	5462920	no	-	ST101	1	0	3	3	"ybt 9; ICEKp3"	172	-	0	-	0	-	0	-	0	-	wzi137	KL17	none	Perfect	100,00%		O1v1	none	Very high	98,03%		-	-	-	qnrB1.v1	-	-	-	-	sul1	-	-	dfrA5	-	-	-	-	-	SHV-1^	-	OmpK35-40%	-	"GyrA-83Y;GyrA-87A;ParC-80I"	-	-	ST101	2	6	1	5	4	1	6	5	11	6	35	1	25	78	9	5	5	11	-	-	-	-	-	-	-	-	-	-	-	-	-	-	-	-	-	-	-	-	-	-	-	-	-	-	-	-
INF328	16703_7#71	16703_7#71	16703_7_71	ERR1008780	SAMEA3357206		yes	UTI	2014	Gorrie 2019			Klebsiella pneumoniae	strong	105	348925	996467	5534521	no	-	ST37	0	0	0	0	-	0	-	0	-	0	-	0	-	0	-	wzi14	KL14	?-	Good	99,97%	KL14_19_manC	O3b	?-	Good	99,31%	O3b_01_manC	-	-	-	-	-	-	-	-	-	-	-	-	-	-	-	-	-	SHV-11.v1^	35Q	-	-	-	-	-	ST37	2	9	2	1	13	1	16	-	-	-	-	-	-	-	-	-	-	-	-	-	-	-	-	-	-	-	-	-	-	-	-	-	-	-	-	-	-	-	-	-	-	-	-	-	-	-
INF330	16703_7#73	16703_7#73	16703_7_73	ERR1008782	SAMEA3357210		yes	Pneumonia	2014	Gorrie 2019			Klebsiella variicola subsp. variicola	strong	56	714460	969556	5655175	no	-	ST3089	0	0	0	0	-	0	-	0	-	0	-	0	-	0	-	wzi376	KL142	*	High	94,54%		O3/O3a	none	Very high	99,18%		-	-	-	-	-	-	-	-	-	-	-	-	-	-	-	-	-	LEN-16*	-	-	-	-	-	-	ST3089	16	32	21	192	47	22	67	-	-	-	-	-	-	-	-	-	-	-	-	-	-	-	-	-	-	-	-	-	-	-	-	-	-	-	-	-	-	-	-	-	-	-	-	-	-	-
INF337	16703_7#78	16703_7#78	16703_7_78	ERR1008787	SAMEA3357220		yes	Wound or tissue	2014	Gorrie 2019			Klebsiella pneumoniae	strong	194	96023	330907	5375906	no	-	ST27	0	0	0	0	-	0	-	0	-	0	-	0	-	0	-	wzi342	KL109	?	Good	99,12%		O2v2	none	Very high	98,47%		-	-	-	-	-	-	-	-	-	-	-	-	-	-	-	-	-	SHV-40^	35Q	-	-	-	-	-	ST27	2	1	11	1	9	10	23	-	-	-	-	-	-	-	-	-	-	-	-	-	-	-	-	-	-	-	-	-	-	-	-	-	-	-	-	-	-	-	-	-	-	-	-	-	-	-
INF338	16703_7#79	16703_7#79	16703_7_79	ERR1008788	SAMEA3357222		yes	UTI	2014	Gorrie 2019			Klebsiella pneumoniae	strong	177	154073	300025	5436441	no	-	ST34	0	0	1	0	-	0	-	0	-	0	-	0	-	0	-	wzi96	KL38	none	Perfect	100,00%		O3b	none	Very high	99,18%		-	-	-	-	-	-	-	-	-	-	-	-	-	-	-	-	-	SHV-26	-	-	-	GyrA-83F	-	-	ST34	2	3	6	1	9	7	4	-	-	-	-	-	-	-	-	-	-	-	-	-	-	-	-	-	-	-	-	-	-	-	-	-	-	-	-	-	-	-	-	-	-	-	-	-	-	-
INF340	16703_7#80	16703_7#80	16703_7_80	ERR1008789	SAMEA3357224		yes	UTI	2014	Gorrie 2019			Klebsiella pneumoniae	strong	96	367600	660868	5536366	no	-	ST45	1	0	0	0	"ybt 10; ICEKp4"	78	-	0	-	0	-	0	-	0	-	wzi101	KL24	none	Very high	99,02%		O2v1	none	Very high	98,76%		-	-	-	-	-	-	-	-	-	-	-	-	-	-	-	-	-	SHV-1	-	-	-	-	-	-	ST45	2	1	1	6	7	1	12	3	12	4	11	3	21	18	3	10	16	2	-	-	-	-	-	-	-	-	-	-	-	-	-	-	-	-	-	-	-	-	-	-	-	-	-	-	-	-
INF347	16703_7#86	16703_7#86	16703_7_86	ERR1008794	SAMEA3357239		yes	Disseminated	2014	Gorrie 2019			Klebsiella pneumoniae	strong	147	302664	950531	5701936	no	-	ST111	0	0	0	0	-	0	-	0	-	0	-	0	-	0	-	wzi63	KL63	none	Very high	99,35%		O1v2	none	Very high	99,28%		-	-	-	-	-	-	-	-	-	-	-	-	-	-	-	-	-	SHV-11.v1^	35Q	-	-	-	-	-	ST111	2	1	5	1	17	4	42	-	-	-	-	-	-	-	-	-	-	-	-	-	-	-	-	-	-	-	-	-	-	-	-	-	-	-	-	-	-	-	-	-	-	-	-	-	-	-
INF256	16703_7#9	16703_7#9	16703_7_9	ERR1008719	SAMEA3357234		yes	UTI	2013	Gorrie 2019			Klebsiella pneumoniae	strong	167	143012	744984	5418369	no	-	ST3043	0	0	0	0	-	0	-	0	-	0	-	0	-	0	-	wzi236	KL10	?-	Good	99,99%	KL10_14_wzy	O1/O2v2	?-*	Good	96,48%	O1/O2v2_06_wbbO	-	-	-	-	-	-	-	-	-	-	-	-	-	-	-	-	-	SHV-36	35Q	-	-	-	-	-	ST3043	2	1	1	1	9	1	415	-	-	-	-	-	-	-	-	-	-	-	-	-	-	-	-	-	-	-	-	-	-	-	-	-	-	-	-	-	-	-	-	-	-	-	-	-	-	-
INF360	16780_6#12	16780_6#12	16780_6_12	ERR1015292	SAMEA3357266		yes	UTI	2014	Gorrie 2019			Klebsiella pneumoniae	strong	91	372881	983727	5337883	no	-	ST323	0	0	5	6	-	0	-	0	-	0	-	0	-	0	-	wzi262	KL21	-	High	99,99%	KL21_08_wzy	O3b	none	Very high	99,19%		"aac(3)-IIa.v1^;aac(6')-Ib-cr.v2"	-	-	qnrB1.v2^	-	-	-	-	-	tet(A).v1	-	dfrA14.v1^	OXA-1	-	-	-	-	SHV-1^	-	-	-	-	"CatB4.v1?-81%;fosA7*-15%"	-	ST323	2	1	1	1	9	1	93	-	-	-	-	-	-	-	-	-	-	-	-	-	-	-	-	-	-	-	-	-	-	-	-	-	-	-	-	-	-	-	-	-	-	-	-	-	-	-
KSB1_1A	16780_6#15	16780_6#15	16780_6_15	ERR1015295	SAMEA3357274		No	Rectal swab	2013	Gorrie 2017			Klebsiella pneumoniae	strong	95	350098	579780	5310655	no	-	ST35	0	0	0	0	-	0	-	0	-	0	-	0	-	0	-	wzi37	KL22	none	Very high	99,49%		O1v1	none	Very high	98,11%		-	-	-	-	-	-	-	-	-	-	-	-	-	-	-	-	-	SHV-33	-	-	-	-	-	-	ST35	2	1	2	1	10	1	19	-	-	-	-	-	-	-	-	-	-	-	-	-	-	-	-	-	-	-	-	-	-	-	-	-	-	-	-	-	-	-	-	-	-	-	-	-	-	-
KSB1_2A	16780_6#16	16780_6#16	16780_6_16	ERR1015296	SAMEA3357276		No	Rectal swab	2013	Gorrie 2017			Klebsiella variicola subsp. variicola	strong	59	427342	1016518	5405459	no	-	ST596	0	0	0	0	-	0	-	0	-	0	-	0	-	0	-	wzi35	KL35	?-+*	Good	95,72%	KL35_18_manC,KL35_19_manB	O3/O3a	?-	Good	99,24%	O3/O3a_01_manC,O3/O3a_02_manB	-	-	-	-	-	-	-	-	-	-	-	-	-	-	-	-	-	LEN-16^	-	-	-	-	-	-	ST596	16	24	21	27	41	22	67	-	-	-	-	-	-	-	-	-	-	-	-	-	-	-	-	-	-	-	-	-	-	-	-	-	-	-	-	-	-	-	-	-	-	-	-	-	-	-
KSB1_4A	16780_6#17	16780_6#17	16780_6_17	ERR1015297	SAMEA3357281		No	Rectal swab	2013	Gorrie 2017			Klebsiella pneumoniae	strong	58	387344	615112	5183209	no	-	ST2800-1LV	0	0	0	0	-	0	-	0	-	0	-	0	-	0	-	wzi27	KL27	none	Very high	99,99%		O3b	none	Very high	99,20%		-	-	-	-	-	-	-	-	-	-	-	-	-	-	-	-	-	SHV-1^	-	-	-	-	-	-	ST2800-1LV	2	1	2	1	9	10	18	-	-	-	-	-	-	-	-	-	-	-	-	-	-	-	-	-	-	-	-	-	-	-	-	-	-	-	-	-	-	-	-	-	-	-	-	-	-	-
KSB1_5A	16780_6#18	16780_6#18	16780_6_18	ERR1015298	SAMEA3357284		No	Rectal swab	2013	Gorrie 2018			Klebsiella pneumoniae	strong	92	409507	794377	5543305	no	-	ST2990	1	0	0	0	"ybt 4; plasmid"	66	-	0	-	0	-	0	-	0	-	wzi8	KL8	none	Very high	99,85%		O1v1	none	Very high	98,04%		-	-	-	-	-	-	-	-	-	-	-	-	-	-	-	-	-	SHV-1*	-	-	-	-	-	fosA7*?-0%	ST2990	159	3	1	3	3	1	19	23	31	30	18	13	65	61	9	18	26	35	-	-	-	-	-	-	-	-	-	-	-	-	-	-	-	-	-	-	-	-	-	-	-	-	-	-	-	-
INF349	16780_6#2	16780_6#2	16780_6_2	ERR1015282	SAMEA3357243		yes	Pneumonia	2014	Gorrie 2019			Klebsiella variicola subsp. variicola	strong	70	457332	1298009	5683844	no	-	ST3085	0	0	0	0	-	0	-	0	-	0	-	0	-	0	-	wzi61	KL55	none	Perfect	100,00%		O3/O3a	none	Very high	99,28%		-	-	-	-	-	-	-	-	-	-	-	-	-	-	-	-	-	LEN-10*	-	-	-	-	-	-	ST3085	16	24	21	44	321	22	67	-	-	-	-	-	-	-	-	-	-	-	-	-	-	-	-	-	-	-	-	-	-	-	-	-	-	-	-	-	-	-	-	-	-	-	-	-	-	-
KSB1_8A	16780_6#21	16780_6#21	16780_6_21	ERR1015300	SAMEA3357289		No	Rectal swab	2013	Gorrie 2018			Klebsiella pneumoniae	strong	76	273436	526569	5395116	no	-	ST2991	0	0	2	2	-	0	-	0	-	0	-	0	-	0	-	wzi216	KL119	none	Very high	99,98%		O4	none	Very high	99,97%		aadA2	-	-	-	-	-	-	-	sul1	-	-	-	-	-	-	-	-	SHV-1^	-	-	-	-	-	-	ST2991	3	1	65	1	9	1	56	-	-	-	-	-	-	-	-	-	-	-	-	-	-	-	-	-	-	-	-	-	-	-	-	-	-	-	-	-	-	-	-	-	-	-	-	-	-	-
KSB1_10A	16780_6#22	16780_6#22	16780_6_22	ERR1015301	SAMEA3357291		No	Throat swab	2013	Gorrie 2018			Klebsiella pneumoniae	strong	48	418348	1751753	5541514	no	-	ST23	3	0	0	0	-	0	-	0	iuc 1	1	iro 1	2	"rmp 1; KpVP-1"	26	rmpA2_5-54%	wzi1	KL1	none	Very high	99,98%		O1v2	none	Very high	99,10%		-	-	-	-	-	-	-	-	-	-	-	-	-	-	-	-	-	SHV-11.v1^	35Q	-	-	-	-	-	ST23	2	1	1	1	9	4	12	-	-	-	-	-	-	-	-	-	-	-	-	-	-	-	-	-	-	-	-	-	-	-	-	-	-	1	1	1	1	1	1	4	1	1	2	2	2	-
KSB1_3B	16780_6#24	16780_6#24	16780_6_24	ERR1015303	SAMEA3357295		No	Rectal swab	2013	Gorrie 2018			Klebsiella variicola subsp. variicola	strong	31	513801	1940797	5447036	no	-	ST360	0	0	0	0	-	0	-	0	-	0	-	0	-	0	-	wzi53	KL53	none	Perfect	100,00%		O3/O3a	none	Very high	99,32%		-	-	-	-	-	-	-	-	-	-	-	-	-	-	-	-	-	LEN-30	-	-	-	-	-	-	ST360	16	24	21	53	47	17	67	-	-	-	-	-	-	-	-	-	-	-	-	-	-	-	-	-	-	-	-	-	-	-	-	-	-	-	-	-	-	-	-	-	-	-	-	-	-	-
KSB1_4B	16780_6#25	16780_6#25	16780_6_25	ERR1015304	SAMEA3357297		No	Rectal swab	2013	Gorrie 2018			Klebsiella pneumoniae	strong	178	185928	355228	5528460	no	-	ST2116	0	0	0	0	-	0	-	0	-	0	-	0	-	0	-	wzi84	KL28	?	Good	99,19%		O1v2	none	Very high	99,48%		-	-	-	-	-	-	-	-	-	-	-	-	-	-	-	-	-	SHV-36	35Q	-	-	-	-	-	ST2116	2	1	1	1	9	1	19	-	-	-	-	-	-	-	-	-	-	-	-	-	-	-	-	-	-	-	-	-	-	-	-	-	-	-	-	-	-	-	-	-	-	-	-	-	-	-
KSB1_8B	16780_6#26	16780_6#26	16780_6_26	ERR1015305	SAMEA3357299		No	Rectal swab	2013	Gorrie 2018			Klebsiella variicola subsp. variicola	strong	186	127488	350546	5661128	no	-	ST2388	0	0	0	0	-	0	-	0	-	0	-	0	-	0	-	wzi369	KL135	none	Perfect	100,00%		O3/O3a	none	Very high	95,93%		-	-	-	-	-	-	-	-	-	-	-	-	-	-	-	-	-	LEN-13*	-	-	-	-	-	-	ST2388	16	24	21	27	39	22	176	-	-	-	-	-	-	-	-	-	-	-	-	-	-	-	-	-	-	-	-	-	-	-	-	-	-	-	-	-	-	-	-	-	-	-	-	-	-	-
KSB1_1C	16780_6#28	16780_6#28	16780_6_28	ERR1015307	SAMEA3357304		No	Rectal swab	2013	Gorrie 2017			Klebsiella pneumoniae	strong	146	300734	546506	5557445	no	-	ST537	0	0	0	0	-	0	-	0	-	0	-	0	-	0	-	wzi123	KL136	none	Perfect	100,00%		O1/O2v2	none	Very high	98,51%		-	-	-	-	-	-	-	-	-	-	-	-	-	-	-	-	-	SHV-11.v1^	35Q	-	-	-	-	-	ST537	6	3	1	1	12	4	4	-	-	-	-	-	-	-	-	-	-	-	-	-	-	-	-	-	-	-	-	-	-	-	-	-	-	-	-	-	-	-	-	-	-	-	-	-	-	-
KSB1_4C	16780_6#31	16780_6#31	16780_6_31	ERR1015308	SAMEA3357307		No	Rectal swab	2013	Gorrie 2018			Klebsiella pneumoniae	strong	105	216080	706020	5418142	no	-	ST1322	0	0	0	0	-	0	-	0	-	0	-	0	-	0	-	wzi372	KL139	none	Perfect	100,00%		O1v1	none	Very high	98,33%		-	-	-	-	-	-	-	-	-	-	-	-	-	-	-	-	-	SHV-71*	146V	-	-	-	-	-	ST1322	2	5	121	8	180	1	6	-	-	-	-	-	-	-	-	-	-	-	-	-	-	-	-	-	-	-	-	-	-	-	-	-	-	-	-	-	-	-	-	-	-	-	-	-	-	-
KSB1_5C	16780_6#32	16780_6#32	16780_6_32	ERR1015309	SAMEA3357308		No	Rectal swab	2013	Gorrie 2017			Klebsiella pneumoniae	strong	229	104330	428467	5388052	no	-	ST3169	0	0	0	0	-	0	-	0	-	0	-	0	-	0	-	wzi31	KL31	?-	Good	99,50%	KL31_13_wctH,KL31_15_wzx	O1v1	none	Very high	98,23%		-	-	-	-	-	-	-	-	-	-	-	-	-	-	-	-	-	SHV-40	35Q	-	-	-	-	-	ST3169	2	1	11	1	9	10	18	-	-	-	-	-	-	-	-	-	-	-	-	-	-	-	-	-	-	-	-	-	-	-	-	-	-	-	-	-	-	-	-	-	-	-	-	-	-	-
KSB1_6C	16780_6#33	16780_6#33	16780_6_33	ERR1015310	SAMEA3357309		No	Rectal swab	2013	Gorrie 2018			Klebsiella pneumoniae	strong	128	209189	393263	5558536	no	-	ST20	0	0	0	0	-	0	-	0	-	0	-	0	-	0	-	wzi84	KL28	none	Very high	99,17%		O1v2	none	Very high	98,39%		-	-	-	-	-	-	-	-	-	-	-	-	-	-	-	-	-	SHV-187	-	-	-	-	-	-	ST20	2	3	1	1	4	4	4	-	-	-	-	-	-	-	-	-	-	-	-	-	-	-	-	-	-	-	-	-	-	-	-	-	-	-	-	-	-	-	-	-	-	-	-	-	-	-
KSB1_7C	16780_6#34	16780_6#34	16780_6_34	ERR1015311	SAMEA3357310		No	Rectal swab	2013	Gorrie 2017			Klebsiella pneumoniae	strong	111	361809	732404	5446036	no	-	ST15	0	0	4	6	-	0	-	0	-	0	-	0	-	0	-	wzi24	KL24	none	Very high	99,99%		O1v1	none	Very high	98,51%		"aadA5;strA.v1;strB.v1"	-	-	-	-	mphA?	-	-	sul1	-	-	dfrA17	-	-	-	-	-	-	-	-	-	-	-	SHV-129?-0%	ST15	1	1	1	1	1	1	1	-	-	-	-	-	-	-	-	-	-	-	-	-	-	-	-	-	-	-	-	-	-	-	-	-	-	-	-	-	-	-	-	-	-	-	-	-	-	-
KSB1_10C	16780_6#37	16780_6#37	16780_6_37	ERR1015314	SAMEA3357313		No	Rectal swab	2013	Gorrie 2018			Klebsiella pneumoniae	strong	79	360256	832383	5435258	no	-	ST1966	0	0	0	0	-	0	-	0	-	0	-	0	-	0	-	wzi130	KL58	none	Very high	100,00%		O3b	none	Very high	99,02%		-	-	-	-	-	-	-	-	-	-	-	-	-	-	-	-	-	SHV-27^	156D	-	-	-	-	-	ST1966	2	1	2	1	10	4	42	-	-	-	-	-	-	-	-	-	-	-	-	-	-	-	-	-	-	-	-	-	-	-	-	-	-	-	-	-	-	-	-	-	-	-	-	-	-	-
KSB1_1D	16780_6#38	16780_6#38	16780_6_38	ERR1015315	SAMEA3357314		No	Rectal swab	2013	Gorrie 2018			Klebsiella pneumoniae	strong	167	477312	1018715	5596547	no	-	ST45	1	0	0	0	"ybt 10; ICEKp4"	78	-	0	-	0	-	0	-	0	-	wzi121	KL43	-	High	99,41%	KL43_15_wcpZ	O2v1	none	Very high	98,80%		-	-	-	-	-	-	-	-	-	-	-	-	-	-	-	-	-	SHV-1	-	-	-	-	-	-	ST45	2	1	1	6	7	1	12	3	12	4	11	3	21	18	3	10	16	2	-	-	-	-	-	-	-	-	-	-	-	-	-	-	-	-	-	-	-	-	-	-	-	-	-	-	-	-
KSB1_2D	16780_6#39	16780_6#39	16780_6_39	ERR1015316	SAMEA3357315		No	Rectal swab	2013	Gorrie 2017			Klebsiella pneumoniae	strong	64	386130	727164	5216324	no	-	ST128	0	0	0	0	-	0	-	0	-	0	-	0	-	0	-	wzi315	KL6	none	Perfect	100,00%		O1v1	none	Very high	98,19%		-	-	-	-	-	-	-	-	-	-	-	-	-	-	-	-	-	SHV-1	-	-	-	-	-	-	ST128	2	1	5	18	21	4	48	-	-	-	-	-	-	-	-	-	-	-	-	-	-	-	-	-	-	-	-	-	-	-	-	-	-	-	-	-	-	-	-	-	-	-	-	-	-	-
INF351	16780_6#4	16780_6#4	16780_6_4	ERR1015284	SAMEA3357247		yes	Pneumonia	2014	Gorrie 2019			Klebsiella pneumoniae	strong	80	378893	927740	5570162	no	-	ST3051	4	0	0	0	"ybt 9; ICEKp3"	69	-	0	iuc 1	5	iro 1	1	"rmp 1; KpVP-1"	33	rmpA2_5-54%	wzi95	KL20	none	Very high	99,99%		O1v1	none	Very high	98,60%		-	-	-	-	-	-	-	-	-	-	-	-	-	-	-	-	-	SHV-75	-	-	-	-	-	-	ST3051	2	1	225	2	5	1	36	28	11	6	5	1	25	37	9	5	5	11	-	-	-	-	-	-	-	-	-	-	-	-	-	-	-	1	1	1	1	10	1	1	1	1	2	31	2	-
KSB1_3D	16780_6#40	16780_6#40	16780_6_40	ERR1015317	SAMEA3357316		No	Throat swab	2013	Gorrie 2018			Klebsiella pneumoniae	strong	244	97852	267282	5512557	no	-	ST2136	0	0	0	0	-	0	-	0	-	0	-	0	-	0	-	wzi173	KL102	none	Very high	99,28%		O2v1	none	Very high	98,55%		-	-	-	-	-	-	-	-	-	-	-	-	-	-	-	-	-	SHV-110^	"156D;35Q"	-	-	-	-	-	ST2136	2	2	1	4	1	4	18	-	-	-	-	-	-	-	-	-	-	-	-	-	-	-	-	-	-	-	-	-	-	-	-	-	-	-	-	-	-	-	-	-	-	-	-	-	-	-
KSB1_4D	16780_6#41	16780_6#41	16780_6_41	ERR1015318	SAMEA3357317		No	Rectal swab	2013	Gorrie 2017			Klebsiella pneumoniae	strong	80	429416	894124	5487300	no	-	ST277-1LV	0	0	0	0	-	0	-	0	-	0	-	0	-	0	-	wzi97	KL46	?-+*	Good	99,65%	KL46_18_manC,KL46_19_manB	O3b	?-	Good	99,29%	O3b_01_manC,O3b_02_manB	-	-	-	-	-	-	-	-	-	-	-	-	-	-	-	-	-	SHV-27^	156D	-	-	-	-	-	ST277-1LV	3	1	1	1	1*	1	43	-	-	-	-	-	-	-	-	-	-	-	-	-	-	-	-	-	-	-	-	-	-	-	-	-	-	-	-	-	-	-	-	-	-	-	-	-	-	-
KSB1_6D	16780_6#42	16780_6#42	16780_6_42	ERR1015319	SAMEA3357318		No	Rectal swab	2013	Gorrie 2018			Klebsiella quasipneumoniae subsp. similipneumoniae	strong	169	330591	573244	5356710	no	-	ST414	0	0	0	0	-	0	-	0	-	0	-	0	-	0	-	wzi44	KL123	none	Very high	99,97%		O3/O3a	none	Very high	95,99%		-	-	-	-	-	-	-	-	-	-	-	-	-	-	-	-	-	OKP-B-8	-	-	-	-	-	-	ST414	18	22	26	63	85	20	51	-	-	-	-	-	-	-	-	-	-	-	-	-	-	-	-	-	-	-	-	-	-	-	-	-	-	-	-	-	-	-	-	-	-	-	-	-	-	-
KSB1_7D	16780_6#43	16780_6#43	16780_6_43	ERR1015320	SAMEA3357319		No	Rectal swab	2013	Gorrie 2018			Klebsiella pneumoniae	strong	133	283782	487790	5729963	no	-	ST461	0	0	0	0	-	0	-	0	-	0	-	0	-	0	-	wzi356	KL117	none	Very high	99,57%		O1/O2v2	none	Very high	98,35%		-	-	-	-	-	-	-	-	-	-	-	-	-	-	-	-	-	SHV-1^	-	-	-	-	-	-	ST461	3	1	13	34	63	1	64	-	-	-	-	-	-	-	-	-	-	-	-	-	-	-	-	-	-	-	-	-	-	-	-	-	-	-	-	-	-	-	-	-	-	-	-	-	-	-
KSB1_2E	16780_6#47	16780_6#47	16780_6_47	ERR1015322	SAMEA3357323		No	Rectal swab	2013	Gorrie 2017			Klebsiella pneumoniae	strong	104	217289	743504	5745509	no	-	ST993-1LV	1	0	0	0	"ybt 4; plasmid"	33	-	0	-	0	-	0	-	0	-	wzi325	KL56	none	Perfect	100,00%		O3b	none	Very high	99,25%		-	-	-	-	-	-	-	-	-	-	-	-	-	-	-	-	-	SHV-11.v1^	35Q	-	-	-	-	-	ST993-1LV	10	1	11	1	10	8	112	18	20	27	18	13	41	81	9	8	26	44	-	-	-	-	-	-	-	-	-	-	-	-	-	-	-	-	-	-	-	-	-	-	-	-	-	-	-	-
KSB1_3E	16780_6#48	16780_6#48	16780_6_48	ERR1015323	SAMEA3357324		No	Rectal swab	2013	Gorrie 2017			Klebsiella pneumoniae	strong	289	100728	528610	5585647	no	-	ST10-1LV	0	0	0	0	-	0	-	0	-	0	-	0	-	0	-	wzi90	KL37	+	Good	99,96%		O1v1	none	Very high	98,56%		-	-	-	-	-	-	-	-	-	-	-	-	-	-	-	-	-	SHV-1^	-	OmpK36-8%	-	-	-	-	ST10-1LV	4	1	7	1	9	1*	12	-	-	-	-	-	-	-	-	-	-	-	-	-	-	-	-	-	-	-	-	-	-	-	-	-	-	-	-	-	-	-	-	-	-	-	-	-	-	-
INF353	16780_6#6	16780_6#6	16780_6_6	ERR1015286	SAMEA3357252		yes	Wound or tissue	2014	Gorrie 2019			Klebsiella pneumoniae	strong	53	419142	854113	5480135	no	-	ST1109	0	0	0	0	-	0	-	0	-	0	-	0	-	0	-	wzi115	KL54	none	Very high	99,95%		O1v2	none	Very high	99,16%		-	-	-	-	-	-	-	-	-	-	-	-	-	-	-	-	-	SHV-61	35Q	-	-	-	-	-	ST1109	2	3	2	2	168	4	4	-	-	-	-	-	-	-	-	-	-	-	-	-	-	-	-	-	-	-	-	-	-	-	-	-	-	-	-	-	-	-	-	-	-	-	-	-	-	-
INF356	16780_6#9	16780_6#9	16780_6_9	ERR1015289	SAMEA3357258		yes	UTI	2014	Gorrie 2019			Klebsiella pneumoniae	strong	86	593360	719814	5345877	no	-	ST661	0	0	0	0	-	0	-	0	-	0	-	0	-	0	-	wzi84	KL28	none	Very high	99,46%		O2v1	none	Very high	98,85%		-	-	-	-	-	-	-	-	-	-	-	-	-	-	-	-	-	SHV-27	156D	-	-	-	-	-	ST661	4	3	1	36	9	10	14	-	-	-	-	-	-	-	-	-	-	-	-	-	-	-	-	-	-	-	-	-	-	-	-	-	-	-	-	-	-	-	-	-	-	-	-	-	-	-
KSB1_3F	16852_1#10	16852_1#10	16852_1_10	ERR1023637	SAMEA3357334		No	Rectal swab	2013	Gorrie 2018			Klebsiella variicola subsp. variicola	strong	114	509461	1620338	5515843	no	-	ST2089	0	0	0	0	-	0	-	0	-	0	-	0	-	0	-	wzi66	KL19	none	Perfect	100,00%		O3/O3a	none	Very high	99,19%		-	-	-	-	-	-	-	-	-	-	-	-	-	-	-	-	-	LEN-7	-	-	-	-	-	-	ST2089	16	24	21	27	52	122	67	-	-	-	-	-	-	-	-	-	-	-	-	-	-	-	-	-	-	-	-	-	-	-	-	-	-	-	-	-	-	-	-	-	-	-	-	-	-	-
KSB1_5F	16852_1#12	16852_1#12	16852_1_12	ERR1023639	SAMEA3357336		No	Rectal swab	2013	Gorrie 2017			Klebsiella pneumoniae	strong	41	526414	900016	5154164	no	-	ST831-1LV	0	0	0	0	-	0	-	0	-	0	-	0	-	0	-	wzi109	KL36	none	Very high	99,99%		O4	*	Good	99,75%		-	-	-	-	-	-	-	-	-	-	-	-	-	-	-	-	-	SHV-1^	-	-	-	-	-	-	ST831-1LV	2	1	220	1	10	1	18	-	-	-	-	-	-	-	-	-	-	-	-	-	-	-	-	-	-	-	-	-	-	-	-	-	-	-	-	-	-	-	-	-	-	-	-	-	-	-
KSB1_8F	16852_1#14	16852_1#14	16852_1_14	ERR1023641	SAMEA3357338		No	Rectal swab	2013	Gorrie 2018			Klebsiella variicola subsp. variicola	strong	170	495463	761078	5881272	no	-	ST2992	0	0	0	0	-	0	-	0	-	0	-	0	-	0	-	wzi69	KL101	none	Perfect	100,00%		O3/O3a	none	Very high	99,31%		-	-	-	-	-	-	-	-	-	-	-	-	-	-	-	-	-	LEN-16^	-	-	-	-	-	-	ST2992	28	24	21	53	137	157	67	-	-	-	-	-	-	-	-	-	-	-	-	-	-	-	-	-	-	-	-	-	-	-	-	-	-	-	-	-	-	-	-	-	-	-	-	-	-	-
KSB1_10F	16852_1#16	16852_1#16	16852_1_16	ERR1023643	SAMEA3357340		No	Throat swab	2013	Gorrie 2018			Klebsiella variicola subsp. variicola	strong	71	646394	1283137	5590704	no	-	ST1986	1	0	0	0	"ybt 0; ICEKp14"	70	-	0	-	0	-	0	-	0	-	wzi370	KL137	none	Very high	99,99%		O3/O3a	none	Very high	99,35%		-	-	-	-	-	-	-	-	-	-	-	-	-	-	-	-	-	LEN-16^	-	-	-	-	-	-	ST1986	16	24	21	27	47	22	183	29	32	36	36	22	84	82	21	22	39	34	-	-	-	-	-	-	-	-	-	-	-	-	-	-	-	-	-	-	-	-	-	-	-	-	-	-	-	-
KSB1_1G	16852_1#17	16852_1#17	16852_1_17	ERR1023644	SAMEA3357341		No	Rectal swab	2013	Gorrie 2017			Klebsiella pneumoniae	strong	64	319082	535883	5124856	no	-	ST37	0	0	0	0	-	0	-	0	-	0	-	0	-	0	-	wzi50	KL15	none	Very high	99,78%		O4	none	Very high	99,72%		-	-	-	-	-	-	-	-	-	-	-	-	-	-	-	-	-	SHV-11.v1^	35Q	-	-	-	-	-	ST37	2	9	2	1	13	1	16	-	-	-	-	-	-	-	-	-	-	-	-	-	-	-	-	-	-	-	-	-	-	-	-	-	-	-	-	-	-	-	-	-	-	-	-	-	-	-
KSB1_2G	16852_1#18	16852_1#18	16852_1_18	ERR1023645	SAMEA3357342		No	Rectal swab	2013	Gorrie 2017			Klebsiella variicola subsp. variicola	strong	51	579757	968420	5431408	no	-	ST205	0	0	0	0	-	0	-	0	-	0	-	0	-	0	-	wzi61	KL55	none	Very high	99,93%		O3/O3a	none	Very high	99,19%		-	-	-	-	-	-	-	-	-	-	-	-	-	-	-	-	-	LEN-16	-	-	-	-	-	-	ST205	16	24	21	32	39	17	73	-	-	-	-	-	-	-	-	-	-	-	-	-	-	-	-	-	-	-	-	-	-	-	-	-	-	-	-	-	-	-	-	-	-	-	-	-	-	-
KSB1_3G	16852_1#19	16852_1#19	16852_1_19	ERR1023646	SAMEA3357343		No	Rectal swab	2013	Gorrie 2017			Klebsiella pneumoniae	strong	113	273893	505226	5410233	no	-	ST39	0	0	4	4	-	0	-	0	-	0	-	0	-	0	-	wzi62	KL62	-	High	99,71%	KL62_12	O1v1	none	Very high	97,87%		aadA1.v1^	-	-	-	-	-	-	-	sul1	tet(A).v1	-	dfrA1.v2	-	-	-	-	-	SHV-11.v1^	35Q	-	-	-	-	-	ST39	2	1	2	4	9	1	14	-	-	-	-	-	-	-	-	-	-	-	-	-	-	-	-	-	-	-	-	-	-	-	-	-	-	-	-	-	-	-	-	-	-	-	-	-	-	-
KSB1_5E	16852_1#2	16852_1#2	16852_1_2	ERR1023629	SAMEA3357326		No	Rectal swab	2013	Gorrie 2017			Klebsiella pneumoniae	strong	148	237897	371849	5656576	no	-	ST461	0	0	0	0	-	0	-	0	-	0	-	0	-	0	-	wzi300	KL51	?-	Good	97,50%	KL51_14_wcoZ	O1v1	none	Very high	97,99%		-	-	-	-	-	-	-	-	-	-	-	-	-	-	-	-	-	SHV-1^	-	-	-	-	-	-	ST461	3	1	13	34	63	1	64	-	-	-	-	-	-	-	-	-	-	-	-	-	-	-	-	-	-	-	-	-	-	-	-	-	-	-	-	-	-	-	-	-	-	-	-	-	-	-
KSB1_4G	16852_1#20	16852_1#20	16852_1_20	ERR1023647	SAMEA3357344		No	Rectal swab	2013	Gorrie 2017			Klebsiella quasipneumoniae subsp. quasipneumoniae	strong	36	740666	1119238	5247339	no	-	ST2981-3LV	0	0	0	0	-	0	-	0	-	0	-	0	-	0	-	wzi312	KL6	*	Very high	95,22%		O5	none	High	94,70%		-	-	-	-	-	-	-	-	-	-	-	-	-	-	-	-	-	OKP-A-11*?	-	-	-	-	-	-	ST2981-3LV	17	19	154	39	268	21	52*	-	-	-	-	-	-	-	-	-	-	-	-	-	-	-	-	-	-	-	-	-	-	-	-	-	-	-	-	-	-	-	-	-	-	-	-	-	-	-
KSB1_10G	16852_1#25	16852_1#25	16852_1_25	ERR1023652	SAMEA3357349		No	Rectal swab	2014	Gorrie 2017			Klebsiella pneumoniae	strong	182	129136	266767	5255540	no	-	ST1800	0	0	0	0	-	0	-	0	-	0	-	0	-	0	-	wzi85	KL30	?-*	Good	96,53%	KL30_15_wcuG	O2v2	none	Very high	98,09%		-	-	-	-	-	-	-	-	-	-	-	-	-	-	-	-	-	SHV-40	35Q	-	-	-	-	-	ST1800	2	1	11	1	9	4	13	-	-	-	-	-	-	-	-	-	-	-	-	-	-	-	-	-	-	-	-	-	-	-	-	-	-	-	-	-	-	-	-	-	-	-	-	-	-	-
KSB1_4H	16852_1#27	16852_1#27	16852_1_27	ERR1023654	SAMEA3357351		No	Rectal swab	2014	Gorrie 2017			Klebsiella variicola subsp. variicola	strong	62	631011	1021274	5625385	no	-	ST3082-2LV	0	0	0	0	-	0	-	0	-	0	-	0	-	0	-	wzi313	KL6	*	Very high	96,12%		O3/O3a	none	Very high	98,67%		-	-	-	-	-	-	-	-	-	-	-	-	-	-	-	-	-	LEN-16	-	-	-	-	-	-	ST3082-2LV	16	18	45	27	42	17	67	-	-	-	-	-	-	-	-	-	-	-	-	-	-	-	-	-	-	-	-	-	-	-	-	-	-	-	-	-	-	-	-	-	-	-	-	-	-	-
KSB1_6E	16852_1#3	16852_1#3	16852_1_3	ERR1023630	SAMEA3357327		No	Throat swab	2013	Gorrie 2017			Klebsiella pneumoniae	strong	99	404428	890809	5526288	no	-	ST1243-1LV	0	0	0	0	-	0	-	0	-	0	-	0	-	0	-	wzi23	KL14	none	Very high	99,74%		O3b	none	Very high	98,86%		-	-	-	-	-	-	-	-	-	-	-	-	-	-	-	-	-	SHV-108^	35Q	-	-	-	-	-	ST1243-1LV	76	40	2	1	7	4	224	-	-	-	-	-	-	-	-	-	-	-	-	-	-	-	-	-	-	-	-	-	-	-	-	-	-	-	-	-	-	-	-	-	-	-	-	-	-	-
KSB1_7H	16852_1#30	16852_1#30	16852_1_30	ERR1023656	SAMEA3357354		No	Rectal swab	2014	Gorrie 2017			Klebsiella pneumoniae	strong	64	362815	1121128	5176618	no	-	ST111	0	0	0	0	-	0	-	0	-	0	-	0	-	0	-	wzi63	KL63	none	Very high	99,36%		O1v2	none	Very high	99,28%		-	-	-	-	-	-	-	-	-	-	-	-	-	-	-	-	-	SHV-11.v1^	35Q	-	-	-	-	-	ST111	2	1	5	1	17	4	42	-	-	-	-	-	-	-	-	-	-	-	-	-	-	-	-	-	-	-	-	-	-	-	-	-	-	-	-	-	-	-	-	-	-	-	-	-	-	-
KSB1_10H	16852_1#33	16852_1#33	16852_1_33	ERR1023659	SAMEA3357357		No	Rectal swab	2014	Gorrie 2017			Klebsiella pneumoniae	strong	67	473803	1400638	5350436	no	-	ST345	0	0	0	0	-	0	-	0	-	0	-	0	-	0	-	wzi245	KL15	none	Very high	99,46%		O4	none	Very high	99,75%		-	-	-	-	-	-	-	-	-	-	-	-	-	-	-	-	-	SHV-1	-	-	-	-	-	-	ST345	2	1	5	2	4	4	12	-	-	-	-	-	-	-	-	-	-	-	-	-	-	-	-	-	-	-	-	-	-	-	-	-	-	-	-	-	-	-	-	-	-	-	-	-	-	-
KSB1_2I	16852_1#35	16852_1#35	16852_1_35	ERR1023661	SAMEA3357359		No	Rectal swab	2014	Gorrie 2018			Klebsiella variicola subsp. variicola	strong	61	713230	1193144	5469131	no	-	ST2993	0	0	0	0	-	0	-	0	-	0	-	0	-	0	-	-	KL151	?-*	Good	91,52%	KL151_17_rmlB,KL151_18_rmlA,KL151_20_rmlC	OL103	none	Very high	96,47%		-	-	-	-	-	-	-	-	-	-	-	-	-	-	-	-	-	LEN-11*	-	-	-	-	-	-	ST2993	16	24	21	27	47	30	67	-	-	-	-	-	-	-	-	-	-	-	-	-	-	-	-	-	-	-	-	-	-	-	-	-	-	-	-	-	-	-	-	-	-	-	-	-	-	-
KSB1_3I	16852_1#36	16852_1#36	16852_1_36	ERR1023662	SAMEA3357360		No	Rectal swab	2014	Gorrie 2018			Klebsiella quasipneumoniae subsp. similipneumoniae	strong	105	323576	918933	5532855	no	-	ST1548	0	0	2	2	-	0	-	0	-	0	-	0	-	0	-	wzi231	KL170	none	Very high	100,00%		O3/O3a	none	Very high	95,97%		aadA^	-	-	-	-	-	-	-	sul1	-	-	-	-	-	-	-	-	OKP-B-2	-	-	-	-	-	-	ST1548	18	22	18	22	115	37	179	-	-	-	-	-	-	-	-	-	-	-	-	-	-	-	-	-	-	-	-	-	-	-	-	-	-	-	-	-	-	-	-	-	-	-	-	-	-	-
KSB1_6I	16852_1#38	16852_1#38	16852_1_38	ERR1023664	SAMEA3357362		No	Rectal swab	2014	Gorrie 2017			Klebsiella pneumoniae	strong	218	116486	366128	5700824	no	-	ST252	0	0	0	0	-	0	-	0	-	0	-	0	-	0	-	wzi81	KL81	none	Perfect	100,00%		O1v2	none	Very high	98,44%		-	-	-	-	-	-	-	-	-	-	-	-	-	-	-	-	-	SHV-1^	-	-	-	-	-	fosA7*?-0%	ST252	2	5	1	1	9	1	6	-	-	-	-	-	-	-	-	-	-	-	-	-	-	-	-	-	-	-	-	-	-	-	-	-	-	-	-	-	-	-	-	-	-	-	-	-	-	-
KSB1_8I	16852_1#39	16852_1#39	16852_1_39	ERR1023665	SAMEA3357363		No	Throat swab	2014	Gorrie 2018			Klebsiella pneumoniae	strong	70	410194	1206954	5460869	no	-	ST127	0	0	0	0	-	0	-	0	-	0	-	0	-	0	-	wzi134	KL30	*	Very high	96,45%		O2v2	none	Very high	98,51%		-	-	-	-	-	-	-	-	-	-	-	-	-	-	-	-	-	SHV-11.v1^	35Q	-	-	-	-	-	ST127	2	1	4	1	1	1	47	-	-	-	-	-	-	-	-	-	-	-	-	-	-	-	-	-	-	-	-	-	-	-	-	-	-	-	-	-	-	-	-	-	-	-	-	-	-	-
KSB1_2J	16852_1#42	16852_1#42	16852_1_42	ERR1023668	SAMEA3357368		No	Rectal swab	2014	Gorrie 2017			Klebsiella variicola subsp. variicola	strong	68	430648	994962	5421029	no	-	ST355	0	0	0	0	-	0	-	0	-	0	-	0	-	0	-	wzi388	KL63	none	Very high	95,97%		O5	none	Very high	99,57%		-	-	-	-	-	-	-	-	-	-	-	-	-	-	-	-	-	LEN-25	-	-	-	-	-	-	ST355	16	45	21	27	47	22	67	-	-	-	-	-	-	-	-	-	-	-	-	-	-	-	-	-	-	-	-	-	-	-	-	-	-	-	-	-	-	-	-	-	-	-	-	-	-	-
KSB1_3J	16852_1#43	16852_1#43	16852_1_43	ERR1023669	SAMEA3357370		No	Rectal swab	2014	Gorrie 2017			Klebsiella pneumoniae	strong	83	360321	948601	5454871	no	-	ST152	1	0	0	0	"ybt 10; ICEKp4"	91	-	0	-	0	-	0	-	0	-	wzi110	KL149	none	Very high	99,99%		O4	none	Very high	99,71%		-	-	-	-	-	-	-	-	-	-	-	-	-	-	-	-	-	SHV-1^	-	-	-	-	-	-	ST152	2	3	2	1	1	4	56	3	12	4	3	3	85	85	3	10	42	2	-	-	-	-	-	-	-	-	-	-	-	-	-	-	-	-	-	-	-	-	-	-	-	-	-	-	-	-
KSB1_4J	16852_1#44	16852_1#44	16852_1_44	ERR1023670	SAMEA3357372		No	Rectal swab	2014	Gorrie 2017			Klebsiella variicola subsp. variicola	strong	50	464457	1441166	5603090	no	-	ST208	0	0	0	0	-	0	-	0	-	0	-	0	-	0	-	wzi532	KL9	none	Very high	96,06%		O3/O3a	none	Very high	99,29%		-	-	-	-	-	-	-	-	-	-	-	-	-	-	-	-	-	LEN-7	-	-	-	-	-	-	ST208	16	24	21	27	52	22	67	-	-	-	-	-	-	-	-	-	-	-	-	-	-	-	-	-	-	-	-	-	-	-	-	-	-	-	-	-	-	-	-	-	-	-	-	-	-	-
KSB1_8E	16852_1#5	16852_1#5	16852_1_5	ERR1023632	SAMEA3357329		No	Rectal swab	2013	Gorrie 2018			Klebsiella variicola subsp. variicola	strong	49	628222	1610349	5404151	no	-	ST2994	0	0	0	0	-	0	-	0	-	0	-	0	-	0	-	wzi35	KL35	*	Very high	95,84%		O3/O3a	none	Very high	99,35%		-	-	-	-	-	-	-	-	-	-	-	-	-	-	-	-	-	LEN-16	-	-	-	-	-	-	ST2994	16	18	21	27	47	22	67	-	-	-	-	-	-	-	-	-	-	-	-	-	-	-	-	-	-	-	-	-	-	-	-	-	-	-	-	-	-	-	-	-	-	-	-	-	-	-
KSB2_4A	16852_1#52	16852_1#52	16852_1_52	ERR1023678	SAMEA3357390		No	Rectal swab	2014	Gorrie 2017			Klebsiella quasipneumoniae subsp. similipneumoniae	strong	123	297885	803437	5316592	no	-	ST1191	0	0	0	0	-	0	-	0	-	0	-	0	-	0	-	wzi242	KL13	?-+	Good	98,40%	KL13_17_manC,KL13_18_manB	O3/O3a	?-	Good	96,18%	O3/O3a_01_manC,O3/O3a_02_manB	-	-	-	-	-	-	-	-	-	-	-	-	-	-	-	-	-	OKP-B-3*	-	-	-	-	-	-	ST1191	88	22	63	22	107	38	114	-	-	-	-	-	-	-	-	-	-	-	-	-	-	-	-	-	-	-	-	-	-	-	-	-	-	-	-	-	-	-	-	-	-	-	-	-	-	-
KSB2_6A	16852_1#54	16852_1#54	16852_1_54	ERR1023680	SAMEA3357394		No	Rectal swab	2014	Gorrie 2017			Klebsiella variicola subsp. variicola	strong	98	361837	1335032	5935466	no	-	ST641	0	0	0	0	-	0	-	0	-	0	-	0	-	0	-	wzi318	KL60	none	Very high	99,05%		O5	none	Very high	99,61%		-	-	-	-	-	-	-	-	-	-	-	-	-	-	-	-	-	LEN-16	-	-	-	-	-	-	ST641	16	18	21	27	39	22	67	-	-	-	-	-	-	-	-	-	-	-	-	-	-	-	-	-	-	-	-	-	-	-	-	-	-	-	-	-	-	-	-	-	-	-	-	-	-	-
KSB2_7A	16852_1#55	16852_1#55	16852_1_55	ERR1023681	SAMEA3357396		No	Rectal swab	2014	Gorrie 2017			Klebsiella pneumoniae	strong	62	393620	894885	5215968	no	-	ST3692	0	0	0	0	-	0	-	0	-	0	-	0	-	0	-	wzi90	KL8	none	Very high	99,00%		O2v2	none	Very high	98,45%		-	-	-	-	-	-	-	-	-	-	-	-	-	-	-	-	-	SHV-71	146V	-	-	-	-	-	ST3692	2	3	2	1	10	1	501	-	-	-	-	-	-	-	-	-	-	-	-	-	-	-	-	-	-	-	-	-	-	-	-	-	-	-	-	-	-	-	-	-	-	-	-	-	-	-
KSB2_8A	16852_1#56	16852_1#56	16852_1_56	ERR1023682	SAMEA3357398		No	Rectal swab	2014	Gorrie 2017			Klebsiella pneumoniae	strong	60	391097	669488	5398051	no	-	ST463	0	0	0	0	-	0	-	0	-	0	-	0	-	0	-	wzi356	KL117	none	Perfect	100,00%		O2v2	none	Very high	98,52%		-	-	-	-	-	-	-	-	-	-	-	-	-	-	-	-	-	SHV-1^	-	-	-	-	-	-	ST463	2	1	4	1	7	6	19	-	-	-	-	-	-	-	-	-	-	-	-	-	-	-	-	-	-	-	-	-	-	-	-	-	-	-	-	-	-	-	-	-	-	-	-	-	-	-
KSB1_9E	16852_1#6	16852_1#6	16852_1_6	ERR1023633	SAMEA3357330	GCA_020149895	No	Throat swab	2013	Gorrie 2017			Klebsiella pneumoniae	strong	123	179986	511320	5278107	no	-	ST359	0	0	0	0	-	0	-	0	-	0	-	0	-	0	-	wzi236	KL10	none	Very high	99,56%		O1v2	none	Very high	99,41%		-	-	-	-	-	-	-	-	-	-	-	-	-	-	-	-	-	SHV-1^	-	-	-	-	-	-	ST359	10	1	2	1	9	27	6	-	-	-	-	-	-	-	-	-	-	-	-	-	-	-	-	-	-	-	-	-	-	-	-	-	-	-	-	-	-	-	-	-	-	-	-	-	-	-
KSB2_3B	16852_1#61	16852_1#61	16852_1_61	ERR1023687	SAMEA3357410		No	Rectal swab	2014	Gorrie 2017			Klebsiella pneumoniae	strong	53	308631	1366943	5378082	no	-	ST215	0	0	0	0	-	0	-	0	-	0	-	0	-	0	-	wzi247	KL16	none	Perfect	100,00%		O1v1	none	Very high	98,97%		-	-	-	-	-	-	-	-	-	-	-	-	-	-	-	-	-	SHV-1	-	-	-	-	-	-	ST215	2	1	38	37	10	4	18	-	-	-	-	-	-	-	-	-	-	-	-	-	-	-	-	-	-	-	-	-	-	-	-	-	-	-	-	-	-	-	-	-	-	-	-	-	-	-
KSB2_4B	16852_1#62	16852_1#62	16852_1_62	ERR1023688	SAMEA3357412		No	Rectal swab	2014	Gorrie 2017			Klebsiella pneumoniae	strong	72	475549	758731	5187730	no	-	ST1731	0	0	0	0	-	0	-	0	-	0	-	0	-	0	-	wzi43	KL43	none	Perfect	100,00%		O2v1	none	Very high	98,34%		-	-	-	-	-	-	-	-	-	-	-	-	-	-	-	-	-	SHV-11.v1^	35Q	-	-	-	-	-	ST1731	4	1	20	1	7	4	91	-	-	-	-	-	-	-	-	-	-	-	-	-	-	-	-	-	-	-	-	-	-	-	-	-	-	-	-	-	-	-	-	-	-	-	-	-	-	-
KSB2_6B	16852_1#63	16852_1#63	16852_1_63	ERR1023689	SAMEA3357414		No	Rectal swab	2014	Gorrie 2017			Klebsiella pneumoniae	strong	53	308631	1366943	5378082	no	-	ST215	0	0	0	0	-	0	-	0	-	0	-	0	-	0	-	wzi247	KL16	none	Perfect	100,00%		O1v1	none	Very high	98,97%		-	-	-	-	-	-	-	-	-	-	-	-	-	-	-	-	-	SHV-1	-	-	-	-	-	-	ST215	2	1	38	37	10	4	18	-	-	-	-	-	-	-	-	-	-	-	-	-	-	-	-	-	-	-	-	-	-	-	-	-	-	-	-	-	-	-	-	-	-	-	-	-	-	-
KSB2_7B	16852_1#64	16852_1#64	16852_1_64	ERR1023690	SAMEA3357416		No	Rectal swab	2014	Gorrie 2017			Klebsiella pneumoniae	strong	53	308631	1366943	5378083	no	-	ST215	0	0	0	0	-	0	-	0	-	0	-	0	-	0	-	wzi247	KL16	none	Perfect	100,00%		O1v1	none	Very high	98,97%		-	-	-	-	-	-	-	-	-	-	-	-	-	-	-	-	-	SHV-1	-	-	-	-	-	-	ST215	2	1	38	37	10	4	18	-	-	-	-	-	-	-	-	-	-	-	-	-	-	-	-	-	-	-	-	-	-	-	-	-	-	-	-	-	-	-	-	-	-	-	-	-	-	-
KSB2_3C	16852_1#69	16852_1#69	16852_1_69	ERR1023694	SAMEA3357426		No	Rectal swab	2014	Gorrie 2017			Klebsiella pneumoniae	strong	59	357184	938832	5316380	no	-	ST310	0	0	0	0	-	0	-	0	-	0	-	0	-	0	-	wzi128	KL1	none	Very high	99,72%		O1v1	none	Very high	98,57%		-	-	-	-	-	-	-	-	-	-	-	-	-	-	-	-	-	SHV-161*	-	-	-	-	-	-	ST310	2	6	2	1	16	4	66	-	-	-	-	-	-	-	-	-	-	-	-	-	-	-	-	-	-	-	-	-	-	-	-	-	-	-	-	-	-	-	-	-	-	-	-	-	-	-
KSB2_7C	16852_1#71	16852_1#71	16852_1_71	ERR1023696	SAMEA3357429		No	Rectal swab	2014	Gorrie 2017			Klebsiella variicola subsp. variicola	strong	52	707012	1353071	5466404	no	-	ST3573	0	0	0	0	-	0	-	0	-	0	-	0	-	0	-	wzi359	KL121	none	Very high	99,35%		O3/O3a	none	Very high	99,29%		-	-	-	-	-	-	-	-	-	-	-	-	-	-	-	-	-	LEN-2*	-	-	-	-	-	-	ST3573	16	18	21	27	68	17	103	-	-	-	-	-	-	-	-	-	-	-	-	-	-	-	-	-	-	-	-	-	-	-	-	-	-	-	-	-	-	-	-	-	-	-	-	-	-	-
KSB2_8C	16852_1#72	16852_1#72	16852_1_72	ERR1023697	SAMEA3357431		No	Rectal swab	2014	Gorrie 2017			Klebsiella pneumoniae	strong	73	352425	899434	5150593	no	-	ST2267	0	0	0	0	-	0	-	0	-	0	-	0	-	0	-	wzi202	KL127	none	Very high	99,95%		OL101	*	High	94,98%		-	-	-	-	-	-	-	-	-	-	-	-	-	-	-	-	-	SHV-1^	-	-	-	-	-	-	ST2267	2	1	2	1	1	1	38	-	-	-	-	-	-	-	-	-	-	-	-	-	-	-	-	-	-	-	-	-	-	-	-	-	-	-	-	-	-	-	-	-	-	-	-	-	-	-
KSB2_9C	16852_1#73	16852_1#73	16852_1_73	ERR1023698	SAMEA3357433		No	Rectal swab	2014	Gorrie 2017			Klebsiella pneumoniae	strong	59	430497	858505	5270368	no	-	ST788	0	0	1	1	-	0	-	0	-	0	-	0	-	0	-	wzi8	KL8	none	Very high	99,44%		O2v2	none	Very high	98,48%		-	-	-	-	-	-	-	-	-	-	-	-	-	SHV-52	-	-	-	-	"35Q;69I"	-	-	-	-	fosA7*?-0%	ST788	2	4	2	1	7	1	12	-	-	-	-	-	-	-	-	-	-	-	-	-	-	-	-	-	-	-	-	-	-	-	-	-	-	-	-	-	-	-	-	-	-	-	-	-	-	-
KSB2_10C	16852_1#74	16852_1#74	16852_1_74	ERR1023699	SAMEA3357435		No	Rectal swab	2014	Gorrie 2017			Klebsiella pneumoniae	strong	78	610982	798342	5424994	no	-	ST661	1	0	0	0	"ybt 15; ICEKp11"	273	-	0	-	0	-	0	-	0	-	wzi101	KL24	-	High	98,88%	KL24_13_wcuG	O2v1	none	Very high	98,38%		-	-	-	-	-	-	-	-	-	-	-	-	-	-	-	-	-	SHV-27	156D	-	-	-	-	-	ST661	4	3	1	36	9	10	14	6	15	5	4	1	37	44	2	1	4	26	-	-	-	-	-	-	-	-	-	-	-	-	-	-	-	-	-	-	-	-	-	-	-	-	-	-	-	-
KSB2_1D	16852_1#75	16852_1#75	16852_1_75	ERR1023700	SAMEA3357437		No	Rectal swab	2014	Gorrie 2018			Klebsiella variicola subsp. variicola	strong	45	479909	2106249	5373513	no	-	ST2995	0	0	0	0	-	0	-	0	-	0	-	0	-	0	-	wzi170	KL134	*	Very high	97,94%		O3/O3a	none	Very high	99,24%		-	-	-	-	-	-	-	-	-	-	-	-	-	-	-	-	-	LEN-16^	-	-	-	-	-	-	ST2995	28	24	21	38	312	22	281	-	-	-	-	-	-	-	-	-	-	-	-	-	-	-	-	-	-	-	-	-	-	-	-	-	-	-	-	-	-	-	-	-	-	-	-	-	-	-
KSB2_4D	16852_1#78	16852_1#78	16852_1_78	ERR1023703	SAMEA3357443		No	Rectal swab	2014	Gorrie 2017			Klebsiella pneumoniae	strong	83	361247	656252	5384044	no	-	ST35	1	0	0	0	"ybt 9; ICEKp3"	179	-	0	-	0	-	0	-	0	-	wzi37	KL22	none	Very high	99,48%		O1v1	none	Very high	98,11%		-	-	-	-	-	-	-	-	-	-	-	-	-	-	-	-	-	SHV-33	-	-	-	-	-	-	ST35	2	1	2	1	10	1	19	5	11	6	5	1	16	37	9	5	5	11	-	-	-	-	-	-	-	-	-	-	-	-	-	-	-	-	-	-	-	-	-	-	-	-	-	-	-	-
KSB1_1F	16852_1#8	16852_1#8	16852_1_8	ERR1023635	SAMEA3357332		No	Rectal swab	2013	Gorrie 2018			Klebsiella pneumoniae	strong	49	545707	973615	5354947	no	-	ST857	0	0	0	0	-	0	-	0	-	0	-	0	-	0	-	wzi241	KL13	none	Very high	98,77%		O3b	-	High	99,10%	O3b_08_wbdC	-	-	-	-	-	-	-	-	-	-	-	-	-	-	-	-	-	SHV-1^	-	-	-	-	-	-	ST857	2	35	2	35	56	24	19	-	-	-	-	-	-	-	-	-	-	-	-	-	-	-	-	-	-	-	-	-	-	-	-	-	-	-	-	-	-	-	-	-	-	-	-	-	-	-
KSB2_6D	16852_1#80	16852_1#80	16852_1_80	ERR1023704	SAMEA3357447		No	Rectal swab	2014	Gorrie 2017			Klebsiella pneumoniae	strong	51	368277	888165	5180309	no	-	ST111	0	0	0	0	-	0	-	0	-	0	-	0	-	0	-	wzi63	KL63	none	Very high	99,36%		O1v2	none	Very high	99,29%		-	-	-	-	-	-	-	-	-	-	-	-	-	-	-	-	-	SHV-11.v1^	35Q	-	-	-	-	-	ST111	2	1	5	1	17	4	42	-	-	-	-	-	-	-	-	-	-	-	-	-	-	-	-	-	-	-	-	-	-	-	-	-	-	-	-	-	-	-	-	-	-	-	-	-	-	-
KSB1_2F	16852_1#9	16852_1#9	16852_1_9	ERR1023636	SAMEA3357333		No	Rectal swab	2013	Gorrie 2018			Klebsiella variicola subsp. variicola	strong	60	510932	1382525	5475326	no	-	ST2594	0	0	0	0	-	0	-	0	-	0	-	0	-	0	-	wzi170	KL134	*	Very high	97,98%		O3/O3a	none	Very high	99,24%		-	-	-	-	-	-	-	-	-	-	-	-	-	-	-	-	-	LEN-13	-	-	-	-	-	-	ST2594	28	24	21	53	47	153	67	-	-	-	-	-	-	-	-	-	-	-	-	-	-	-	-	-	-	-	-	-	-	-	-	-	-	-	-	-	-	-	-	-	-	-	-	-	-	-
KSB1_9B	16870_7#10	16870_7#10	16870_7_10	ERR1023724	SAMEA3357301		No	Rectal swab	2013	Gorrie 2018			Klebsiella variicola subsp. variicola	strong	55	372993	1384426	5569835	no	-	ST2996	0	0	0	0	-	0	-	0	-	0	-	0	-	0	-	wzi259	KL20	*	High	94,84%		O3/O3a	none	Very high	99,31%		-	-	-	-	-	-	-	-	-	-	-	-	-	-	-	-	-	LEN-2^	-	-	-	-	-	-	ST2996	16	18	217	27	47	22	67	-	-	-	-	-	-	-	-	-	-	-	-	-	-	-	-	-	-	-	-	-	-	-	-	-	-	-	-	-	-	-	-	-	-	-	-	-	-	-
INF169	16870_7#2	16870_7#2	16870_7_2	ERR1023716	SAMEA3357097		yes	Disseminated	2013	Gorrie 2019			Klebsiella variicola subsp. variicola	strong	60	482317	1037938	5668713	no	-	ST1688	0	0	0	0	-	0	-	0	-	0	-	0	-	0	-	wzi57	KL57	?-+*	Good	97,10%	KL57_16_manC	O3/O3a	?-	Good	99,26%	O3/O3a_01_manC	-	-	-	-	-	-	-	-	-	-	-	-	-	-	-	-	-	LEN-7	-	-	-	-	-	-	ST1688	16	18	21	27	55	22	200	-	-	-	-	-	-	-	-	-	-	-	-	-	-	-	-	-	-	-	-	-	-	-	-	-	-	-	-	-	-	-	-	-	-	-	-	-	-	-
INF001	16870_7#23	16870_7#23	16870_7_23	ERR1023737	SAMEA3356945		yes	UTI	2013	Gorrie 2019			Klebsiella variicola subsp. variicola	strong	91	661601	981265	5608651	no	-	ST3090	0	0	0	0	-	0	-	0	-	0	-	0	-	0	-	-	KL3	*	Very high	97,17%		O3/O3a	none	Very high	99,25%		-	-	-	-	-	-	-	-	-	-	-	-	-	-	-	-	-	LEN-17^	-	-	-	-	-	-	ST3090	16	45	223	132	47	17	67	-	-	-	-	-	-	-	-	-	-	-	-	-	-	-	-	-	-	-	-	-	-	-	-	-	-	-	-	-	-	-	-	-	-	-	-	-	-	-
INF002	16870_7#24	16870_7#24	16870_7_24	ERR1023738	SAMEA3356946		yes	Pneumonia	2013	Gorrie 2019			Klebsiella pneumoniae	strong	85	355107	853063	5607363	no	-	ST133	2	0	0	0	"ybt 17; ICEKp10"	267	clb 3	19	-	0	-	0	-	0	-	wzi180	KL116	-	High	99,97%	KL116_17_wcpG	O1v1	none	Very high	98,64%		-	-	-	-	-	-	-	-	-	-	-	-	-	-	-	-	-	SHV-75	-	-	-	-	-	-	ST133	12	1	1	2	5	1	36	6	15	5	13	11	28	26	2	11	4	2	2	10	2	2	2	4	2	8	2	2	2	2	2	2	2	-	-	-	-	-	-	-	-	-	-	-	-	-
INF003	16870_7#25	16870_7#25	16870_7_25	ERR1023739	SAMEA3356947		yes	Other	2013	Gorrie 2019			Klebsiella pneumoniae	strong	101	371554	983591	5479309	no	-	ST323	0	1	7	10	-	0	-	0	-	0	-	0	-	0	-	wzi262	KL21	?	Good	100,00%		O3b	none	Very high	99,19%		"aac(6')-Ib-cr.v2;strA.v1^;strB.v1"	-	-	qnrB1.v2^	-	-	-	-	sul2	tet(A).v1	-	dfrA14.v1^	"OXA-1;TEM-1D.v1^"	-	CTX-M-15	-	-	SHV-1^	-	-	-	-	"CatB4.v1?-81%;fosA7*-15%"	-	ST323	2	1	1	1	9	1	93	-	-	-	-	-	-	-	-	-	-	-	-	-	-	-	-	-	-	-	-	-	-	-	-	-	-	-	-	-	-	-	-	-	-	-	-	-	-	-
INF004	16870_7#26	16870_7#26	16870_7_26	ERR1023740	SAMEA3356948		yes	UTI	2013	Gorrie 2019			Klebsiella pneumoniae	strong	67	473803	1441193	5317365	no	-	ST345	0	0	0	0	-	0	-	0	-	0	-	0	-	0	-	wzi245	KL15	none	Very high	99,46%		O4	none	Very high	99,75%		-	-	-	-	-	-	-	-	-	-	-	-	-	-	-	-	-	SHV-1	-	-	-	-	-	-	ST345	2	1	5	2	4	4	12	-	-	-	-	-	-	-	-	-	-	-	-	-	-	-	-	-	-	-	-	-	-	-	-	-	-	-	-	-	-	-	-	-	-	-	-	-	-	-
INF005	16870_7#27	16870_7#27	16870_7_27	ERR1023741	SAMEA3356949		yes	Pneumonia	2013	Gorrie 2019			Klebsiella variicola subsp. variicola	strong	108	370380	649526	5884951	no	-	ST641	0	0	1	2	-	0	-	0	-	0	-	0	-	0	-	wzi318	KL60	none	Very high	99,05%		O5	none	Very high	99,61%		"strA.v1;strB.v1"	-	-	-	-	-	-	-	-	-	-	-	-	-	-	-	-	LEN-16	-	-	-	-	sul1?-0%	-	ST641	16	18	21	27	39	22	67	-	-	-	-	-	-	-	-	-	-	-	-	-	-	-	-	-	-	-	-	-	-	-	-	-	-	-	-	-	-	-	-	-	-	-	-	-	-	-
INF006	16870_7#28	16870_7#28	16870_7_28	ERR1023742	SAMEA3356950		yes	Other	2013	Gorrie 2019			Klebsiella pneumoniae	strong	84	380351	1052651	5548094	no	-	ST35	1	0	0	0	"ybt 4; plasmid"	38	-	0	-	0	-	0	-	0	-	wzi37	KL22	none	Very high	99,48%		O1v1	none	Very high	98,11%		-	-	-	-	-	-	-	-	-	-	-	-	-	-	-	-	-	SHV-33	-	-	-	-	-	-	ST35	2	1	2	1	10	1	19	18	81	27	18	13	76	77	35	8	26	35	-	-	-	-	-	-	-	-	-	-	-	-	-	-	-	-	-	-	-	-	-	-	-	-	-	-	-	-
INF196	16870_7#3	16870_7#3	16870_7_3	ERR1023717	SAMEA3357134		yes	Wound or tissue	2013	Gorrie 2019			Klebsiella pneumoniae	strong	131	162466	519702	5541552	no	-	ST66	5	0	0	0	"ybt 12; ICEKp10"	316	clb 1	9	iuc 2	6	iro 2	6	"rmp 2; KpVP-2"	2	-	wzi257	KL2	none	Very high	98,34%		O1v2	none	Very high	98,97%		-	-	-	-	-	-	-	-	-	-	-	-	-	-	-	-	-	-	-	-	-	-	-	-	ST66	2	3	2	1	10	1	13	7	1	1	1	1	3	16	1	1	1	1	1	4	1	1	1	1	1	5	1	1	1	1	1	1	1	2	6	5	15	8	4	9	13	4	9	32	5	rmpA_48*-0%
INF011	16870_7#32	16870_7#32	16870_7_32	ERR1023746	SAMEA3356954		yes	UTI	2013	Gorrie 2019			Klebsiella pneumoniae	strong	54	381128	1186416	5431574	no	-	ST1393	1	0	0	0	"ybt 0; ICEKp13"	118	-	0	-	0	-	0	-	0	-	wzi8	KL8	none	Very high	99,83%		O1v1	none	Very high	98,03%		-	-	-	-	-	-	-	-	-	-	-	-	-	-	-	-	-	SHV-11.v1^	35Q	-	-	-	-	fosA7*?-0%	ST1393	2	1	37	2	3	1	19	31	35	38	38	1	89	88	26	24	5	50	-	-	-	-	-	-	-	-	-	-	-	-	-	-	-	-	-	-	-	-	-	-	-	-	-	-	-	-
INF012	16870_7#33	16870_7#33	16870_7_33	ERR1023747	SAMEA3356955		yes	UTI	2013	Gorrie 2019			Klebsiella pneumoniae	strong	51	789307	1134722	5263436	no	-	ST690	0	0	0	0	-	0	-	0	-	0	-	0	-	0	-	wzi275	KL30	*	Very high	96,40%		O1v2	none	Very high	99,47%		-	-	-	-	-	-	-	-	-	-	-	-	-	-	-	-	-	SHV-187	-	-	-	-	-	-	ST690	2	3	1	1	1	1	4	-	-	-	-	-	-	-	-	-	-	-	-	-	-	-	-	-	-	-	-	-	-	-	-	-	-	-	-	-	-	-	-	-	-	-	-	-	-	-
INF013	16870_7#34	16870_7#34	16870_7_34	ERR1023748	SAMEA3356956		yes	UTI	2013	Gorrie 2019			Klebsiella pneumoniae	strong	68	394798	1186094	5228020	no	-	ST1583	0	0	0	0	-	0	-	0	-	0	-	0	-	0	-	wzi384	KL102	none	Very high	99,44%		O2v2	none	Very high	98,52%		-	-	-	-	-	-	-	-	-	-	-	-	-	-	-	-	-	SHV-27	156D	-	-	-	-	-	ST1583	2	1	2	1	12	1	9	-	-	-	-	-	-	-	-	-	-	-	-	-	-	-	-	-	-	-	-	-	-	-	-	-	-	-	-	-	-	-	-	-	-	-	-	-	-	-
INF017	16870_7#38	16870_7#38	16870_7_38	ERR1023750	SAMEA3356960		yes	Wound or tissue	2013	Gorrie 2019			Klebsiella pneumoniae	strong	63	295748	907157	5379499	no	-	ST35	0	0	0	0	-	0	-	0	-	0	-	0	-	0	-	wzi37	KL22	none	Very high	99,49%		O1v1	none	Very high	98,11%		-	-	-	-	-	-	-	-	-	-	-	-	-	-	-	-	-	SHV-33	-	-	-	-	-	-	ST35	2	1	2	1	10	1	19	-	-	-	-	-	-	-	-	-	-	-	-	-	-	-	-	-	-	-	-	-	-	-	-	-	-	-	-	-	-	-	-	-	-	-	-	-	-	-
INF229	16870_7#4	16870_7#4	16870_7_4	ERR1023718	SAMEA3357188		yes	UTI	2013	Gorrie 2019			Klebsiella pneumoniae	strong	232	36376	164514	5406177	no	-	ST221	0	0	0	0	-	0	-	0	-	0	-	0	-	0	-	wzi39	KL50	?-+*	None	94,73%	KL50_05_wbaZ,KL50_06_wbaP,KL50_07_wcuU,KL50_08_wcuH,KL50_09_wzx	O3b	?-	None	99,26%	O3b_01_manC,O3b_02_manB,O3b_06_wbdA	-	-	-	-	-	-	-	-	-	-	-	-	-	-	-	-	-	SHV-11.v1^	35Q	-	-	-	-	-	ST221	2	5	1	6	9	1	10	-	-	-	-	-	-	-	-	-	-	-	-	-	-	-	-	-	-	-	-	-	-	-	-	-	-	-	-	-	-	-	-	-	-	-	-	-	-	-
INF019	16870_7#40	16870_7#40	16870_7_40	ERR1023752	SAMEA3356962	GCA_020149785	yes	UTI	2013	Gorrie 2019			Klebsiella pneumoniae	strong	112	380140	787134	5666038	no	-	ST20	1	0	0	0	"ybt 14; ICEKp5"	137	-	0	-	0	-	0	-	0	-	wzi84	KL28	none	Very high	99,17%		O1v2	none	Very high	98,39%		-	-	-	-	-	-	-	-	-	-	-	-	-	-	-	-	-	SHV-187	-	-	-	-	-	-	ST20	2	3	1	1	4	4	4	4	4	18	4	1	90	25	2	4	4	2	-	-	-	-	-	-	-	-	-	-	-	-	-	-	-	-	-	-	-	-	-	-	-	-	-	-	-	-
INF020	16870_7#41	16870_7#41	16870_7_41	ERR1023753	SAMEA3356963		yes	UTI	2013	Gorrie 2019			Klebsiella pneumoniae	strong	142	313909	1044474	5614829	no	-	ST20	0	0	1	2	-	0	-	0	-	0	-	0	-	0	-	wzi84	KL28	none	Very high	99,15%		O1v2	?-	Good	98,38%	O1/O2v2_06_wbbO	"strA.v1;strB.v1"	-	-	-	-	-	-	-	-	-	-	-	-	-	-	-	-	SHV-187	-	-	-	-	-	-	ST20	2	3	1	1	4	4	4	-	-	-	-	-	-	-	-	-	-	-	-	-	-	-	-	-	-	-	-	-	-	-	-	-	-	-	-	-	-	-	-	-	-	-	-	-	-	-
INF023	16870_7#44	16870_7#44	16870_7_44	ERR1023756	SAMEA3356971		yes	UTI	2013	Gorrie 2019			Klebsiella pneumoniae	strong	61	370286	939180	5395667	no	-	ST2997	0	0	0	0	-	0	-	0	-	0	-	0	-	0	-	wzi380	KL158	?-	Good	98,09%	KL158_18_rmlB,KL158_21_rmlC	OL102	?-+*	None	83,59%	OL102_01_rfbB,OL102_04_rfbC,OL102_05_wbbL,OL102_06_rhamnan,OL102_07_wzm,OL102_08_wzt	-	-	-	-	-	-	-	-	-	-	-	-	-	-	-	-	-	SHV-1^	-	-	-	-	-	-	ST2997	2	78	1	1	12	6	68	-	-	-	-	-	-	-	-	-	-	-	-	-	-	-	-	-	-	-	-	-	-	-	-	-	-	-	-	-	-	-	-	-	-	-	-	-	-	-
INF024	16870_7#45	16870_7#45	16870_7_45	ERR1023757	SAMEA3356974		yes	Pneumonia	2013	Gorrie 2019			Klebsiella pneumoniae	strong	236	112176	310575	5493990	no	-	ST1138	0	0	1	0	-	0	-	0	-	0	-	0	-	0	-	wzi71	KL71	?-	Good	99,97%	KL71_14_wcqK,KL71_15_wzx	O5	none	Very high	99,56%		-	-	-	-	-	-	-	-	-	-	-	-	-	-	-	-	-	SHV-36	35Q	-	-	GyrA-83Y	-	-	ST1138	2	1	1	1	9	1	9	-	-	-	-	-	-	-	-	-	-	-	-	-	-	-	-	-	-	-	-	-	-	-	-	-	-	-	-	-	-	-	-	-	-	-	-	-	-	-
INF025	16870_7#46	16870_7#46	16870_7_46	ERR1023758	SAMEA3356977		yes	Pneumonia	2013	Gorrie 2019			Klebsiella pneumoniae	strong	131	204043	530418	5337120	no	-	ST491	0	1	7	8	-	0	-	0	-	0	-	0	-	0	-	wzi108	KL118	?-	Good	98,04%	KL118_17_rmlB,KL118_18_rmlA,KL118_20_rmlC	OL101	?-	None	91,53%	OL101_01_rfbB,OL101_02_rfbA,OL101_04_rfbC,OL101_09_glycosylhydrolase	"strA.v1^;strB.v1"	-	-	qnrB1.v2^	-	-	-	-	sul2	tet(A).v1	-	dfrA14.v1^	TEM-1D.v1^	-	CTX-M-15	-	-	SHV-40*	35Q	-	-	-	-	-	ST491	51	1	5	1	9	4	13	-	-	-	-	-	-	-	-	-	-	-	-	-	-	-	-	-	-	-	-	-	-	-	-	-	-	-	-	-	-	-	-	-	-	-	-	-	-	-
INF027	16870_7#48	16870_7#48	16870_7_48	ERR1023760	SAMEA3356982		yes	Pneumonia	2013	Gorrie 2019			Klebsiella pneumoniae	strong	53	437171	1329377	5456839	no	-	ST215	1	0	0	0	"ybt 5; ICEKp6"	11	-	0	-	0	-	0	-	0	-	wzi247	KL16	none	Very high	99,98%		O1v1	none	Very high	98,97%		-	-	-	-	-	-	-	-	-	-	-	-	-	-	-	-	-	SHV-1	-	-	-	-	-	-	ST215	2	1	38	37	10	4	18	10	8	10	7	18	4	89	7	8	5	37	-	-	-	-	-	-	-	-	-	-	-	-	-	-	-	-	-	-	-	-	-	-	-	-	-	-	-	-
INF028	16870_7#49	16870_7#49	16870_7_49	ERR1023761	SAMEA3356983		yes	UTI	2013	Gorrie 2019			Klebsiella pneumoniae	strong	74	436826	914896	5403044	no	-	ST45	1	0	0	0	"ybt 10; ICEKp4"	78	-	0	-	0	-	0	-	0	-	wzi101	KL24	none	Very high	99,02%		O2v1	none	Very high	98,76%		-	-	-	-	-	-	-	-	-	-	-	-	-	-	-	-	-	SHV-1	-	-	-	-	-	-	ST45	2	1	1	6	7	1	12	3	12	4	11	3	21	18	3	10	16	2	-	-	-	-	-	-	-	-	-	-	-	-	-	-	-	-	-	-	-	-	-	-	-	-	-	-	-	-
INF030	16870_7#51	16870_7#51	16870_7_51	ERR1023763	SAMEA3356986		yes	UTI	2013	Gorrie 2019			Klebsiella pneumoniae	strong	115	150946	468717	5391677	no	-	ST3038	0	0	7	10	-	0	-	0	-	0	-	0	-	0	-	wzi267	KL24	-	High	99,67%	KL24_14_wzy	O2v1	none	Very high	98,52%		"aadA2^;strA.v1;strB.v1"	-	-	qnrS1	-	-	floR.v2*	-	"sul1;sul2"	tet(A).v1	-	dfrA12	LAP-2	-	-	-	-	SHV-11.v1^	35Q	-	-	-	-	-	ST3038	2	1	1	1	1	7	23	-	-	-	-	-	-	-	-	-	-	-	-	-	-	-	-	-	-	-	-	-	-	-	-	-	-	-	-	-	-	-	-	-	-	-	-	-	-	-
INF033	16870_7#54	16870_7#54	16870_7_54	ERR1023766	SAMEA3356992		yes	Pneumonia	2013	Gorrie 2019			Klebsiella pneumoniae	strong	207	91245	320771	5468626	no	-	ST27	0	0	1	0	-	0	-	0	-	0	-	0	-	0	-	wzi90	KL37	+	Good	99,95%		O1v1	none	Very high	98,60%		-	-	-	-	-	-	-	-	-	-	-	-	-	-	-	-	-	SHV-40	35Q	-	MgrB-51%	-	-	-	ST27	2	1	11	1	9	10	23	-	-	-	-	-	-	-	-	-	-	-	-	-	-	-	-	-	-	-	-	-	-	-	-	-	-	-	-	-	-	-	-	-	-	-	-	-	-	-
INF034	16870_7#55	16870_7#55	16870_7_55	ERR1023767	SAMEA3356994		yes	UTI	2013	Gorrie 2019			Klebsiella quasipneumoniae subsp. similipneumoniae	strong	37	755313	1036872	5087487	no	-	ST3097-1LV	0	0	0	0	-	0	-	0	-	0	-	0	-	0	-	wzi331	KL7	none	Very high	99,56%		O12	-	High	98,98%	O12_03_rfbD	-	-	-	-	-	-	-	-	-	-	-	-	-	-	-	-	-	OKP-B-9*	-	-	-	-	-	-	ST3097-1LV	161	22	18	16	322	13	192	-	-	-	-	-	-	-	-	-	-	-	-	-	-	-	-	-	-	-	-	-	-	-	-	-	-	-	-	-	-	-	-	-	-	-	-	-	-	-
INF035	16870_7#56	16870_7#56	16870_7_56	ERR1023768	SAMEA3356996		yes	UTI	2013	Gorrie 2019			Klebsiella quasipneumoniae subsp. similipneumoniae	strong	35	755313	1036898	5087681	no	-	ST3097-1LV	0	0	0	0	-	0	-	0	-	0	-	0	-	0	-	wzi331	KL7	none	Very high	99,56%		O12	-	High	98,98%	O12_03_rfbD	-	-	-	-	-	-	-	-	-	-	-	-	-	-	-	-	-	OKP-B-9*	-	-	-	-	-	-	ST3097-1LV	161	22	18	16	322	13	192	-	-	-	-	-	-	-	-	-	-	-	-	-	-	-	-	-	-	-	-	-	-	-	-	-	-	-	-	-	-	-	-	-	-	-	-	-	-	-
INF036	16870_7#57	16870_7#57	16870_7_57	ERR1023769	SAMEA3356998		yes	UTI	2013	Gorrie 2019			Klebsiella variicola subsp. variicola	strong	48	384777	1112804	5464244	no	-	ST360	0	0	0	0	-	0	-	0	-	0	-	0	-	0	-	wzi53	KL53	none	Very high	99,97%		O3/O3a	none	Very high	99,31%		-	-	-	-	-	-	-	-	-	-	-	-	-	-	-	-	-	LEN-30	-	-	-	-	-	fosA7*?-74%	ST360	16	24	21	53	47	17	67	-	-	-	-	-	-	-	-	-	-	-	-	-	-	-	-	-	-	-	-	-	-	-	-	-	-	-	-	-	-	-	-	-	-	-	-	-	-	-
INF038	16870_7#59	16870_7#59	16870_7_59	ERR1023771	SAMEA3357002		yes	Disseminated	2013	Gorrie 2019			Klebsiella pneumoniae	strong	58	369780	805498	5226483	no	-	ST60	1	0	0	0	"ybt 2; ICEKp1"	324	-	0	-	0	iro 3	7	"rmp 3; ICEKp1"	32	-	wzi5	KL5	none	Very high	99,99%		O1v1	none	Very high	98,10%		-	-	-	-	-	-	-	-	-	-	-	-	-	-	-	-	-	SHV-11.v1^	35Q	-	-	-	-	-	ST60	2	1	2	1	4	4	8	8	7	9	6	5	13	36	6	7	7	6	-	-	-	-	-	-	-	-	-	-	-	-	-	-	-	-	-	-	-	-	6	19-4%	10	5	11	5	6	-
INF267	16870_7#6	16870_7#6	16870_7_6	ERR1023720	SAMEA3357255		yes	Disseminated	2013	Gorrie 2019			Klebsiella variicola subsp. variicola	strong	104	112317	406925	5622692	no	-	ST3078	0	0	0	0	-	0	-	0	-	0	-	0	-	0	-	wzi389	KL107	?-+*	None	90,24%	KL107_05_wzb,KL107_06_wzc,KL107_07_wbaP,KL107_08,KL107_09,KL107_10	O3/O3a	?-	None	99,26%	O3/O3a_01_manC,O3/O3a_02_manB	-	-	-	-	-	-	-	-	-	-	-	-	-	-	-	-	-	LEN-16^	-	-	-	-	-	-	ST3078	16	18	21	33	323	40	416	-	-	-	-	-	-	-	-	-	-	-	-	-	-	-	-	-	-	-	-	-	-	-	-	-	-	-	-	-	-	-	-	-	-	-	-	-	-	-
INF039	16870_7#60	16870_7#60	16870_7_60	ERR1023772	SAMEA3357004		yes	Disseminated	2013	Gorrie 2019			Klebsiella pneumoniae	strong	81	321995	1084402	5182482	no	-	ST2931	0	0	0	0	-	0	-	0	-	0	-	0	-	0	-	wzi385	KL22	none	Very high	99,26%		O3/O3a	*	Very high	95,49%		-	-	-	-	-	-	-	-	-	-	-	-	-	-	-	-	-	SHV-80	"146T;35Q"	-	-	-	-	-	ST2931	2	1	1	1	12	4	4	-	-	-	-	-	-	-	-	-	-	-	-	-	-	-	-	-	-	-	-	-	-	-	-	-	-	-	-	-	-	-	-	-	-	-	-	-	-	-
INF040	16870_7#61	16870_7#61	16870_7_61	ERR1023773	SAMEA3357005		yes	UTI	2013	Gorrie 2019			Klebsiella pneumoniae	strong	133	317596	958072	5577046	no	-	ST20	0	0	0	0	-	0	-	0	-	0	-	0	-	0	-	wzi84	KL28	none	Very high	99,16%		O1v2	none	Very high	98,37%		-	-	-	-	-	-	-	-	-	-	-	-	-	-	-	-	-	SHV-187	-	-	-	-	-	-	ST20	2	3	1	1	4	4	4	-	-	-	-	-	-	-	-	-	-	-	-	-	-	-	-	-	-	-	-	-	-	-	-	-	-	-	-	-	-	-	-	-	-	-	-	-	-	-
INF041	16870_7#62	16870_7#62	16870_7_62	ERR1023774	SAMEA3357008		yes	UTI	2013	Gorrie 2019			Klebsiella pneumoniae	strong	67	360754	1013383	5321475	no	-	ST1263	0	0	7	9	-	0	-	0	-	0	-	0	-	0	-	wzi100	KL10	?	Good	96,75%		O3/O3a	none	Very high	97,98%		"strA.v1*;strB.v1*"	-	-	qnrS1	-	-	catII.2*	-	sul2	tet(A).v1*	-	dfrA14.v1^	"LAP-2;TEM-1D.v1^"	-	-	-	-	-	-	-	-	-	-	-	ST1263	4	1	1	1	12	1	35	-	-	-	-	-	-	-	-	-	-	-	-	-	-	-	-	-	-	-	-	-	-	-	-	-	-	-	-	-	-	-	-	-	-	-	-	-	-	-
INF045	16870_7#66	16870_7#66	16870_7_66	ERR1023778	SAMEA3357015		yes	UTI	2013	Gorrie 2019			Klebsiella pneumoniae	strong	109	268428	741991	5475610	no	-	ST1547	0	0	0	0	-	0	-	0	-	0	-	0	-	0	-	wzi186	KL2	none	Very high	98,72%		O2v2	?-	Good	99,02%	O1/O2v2_06_wbbO,O1/O2v2_09_gmlB	-	-	-	-	-	-	-	-	-	-	-	-	-	-	-	-	-	SHV-11.v1^	35Q	-	-	-	-	-	ST1547	2	1	1	1	4	4	64	-	-	-	-	-	-	-	-	-	-	-	-	-	-	-	-	-	-	-	-	-	-	-	-	-	-	-	-	-	-	-	-	-	-	-	-	-	-	-
INF046	16870_7#67	16870_7#67	16870_7_67	ERR1023779	SAMEA3357017		yes	UTI	2013	Gorrie 2019			Klebsiella pneumoniae	strong	104	339047	478508	5551700	no	-	ST182	1	0	0	0	"ybt 10; ICEKp4"	110	-	0	-	0	-	0	-	0	-	wzi209	KL47	?-	Good	97,54%	KL47_15_rmlB,KL47_17_rmlD,KL47_18_rmlC	OL101	?-+*	Good	92,41%	OL101_01_rfbB,OL101_03_rfbD,OL101_04_rfbC	-	-	-	-	-	-	-	-	-	-	-	-	-	-	-	-	-	SHV-187*	-	-	-	-	-	-	ST182	4	3	1	35	9	4	12	3	36	4	40	21	92	91	3	19	9	2	-	-	-	-	-	-	-	-	-	-	-	-	-	-	-	-	-	-	-	-	-	-	-	-	-	-	-	-
INF047	16870_7#68	16870_7#68	16870_7_68	ERR1023780	SAMEA3357019		yes	UTI	2013	Gorrie 2019			Klebsiella variicola subsp. variicola	strong	61	449324	994129	5539521	no	-	ST3077	0	0	0	0	-	0	-	0	-	0	-	0	-	0	-	wzi357	KL120	none	Perfect	100,00%		O5	none	Very high	99,55%		-	-	-	-	-	-	-	-	-	-	-	-	-	-	-	-	-	LEN-16	-	-	-	-	-	-	ST3077	16	18	21	27	203	22	67	-	-	-	-	-	-	-	-	-	-	-	-	-	-	-	-	-	-	-	-	-	-	-	-	-	-	-	-	-	-	-	-	-	-	-	-	-	-	-
INF048	16870_7#69	16870_7#69	16870_7_69	ERR1023781	SAMEA3357021		yes	UTI	2013	Gorrie 2019			Klebsiella variicola subsp. variicola	strong	88	379310	1187139	5697076	no	-	ST616	0	0	1	1	-	0	-	0	-	0	-	0	-	0	-	wzi304	KL54	?-+*	Good	94,35%	KL54_18_manC,KL54_19_manB	O5	?-	Good	99,53%	O5_01_manC,O5_02_manB	-	-	fosA7*	-	-	-	-	-	-	-	-	-	-	-	-	-	-	LEN-9	-	-	-	-	-	-	ST616	16	18	30	27	68	59	67	-	-	-	-	-	-	-	-	-	-	-	-	-	-	-	-	-	-	-	-	-	-	-	-	-	-	-	-	-	-	-	-	-	-	-	-	-	-	-
INF342	16870_7#7	16870_7#7	16870_7_7	ERR1023721	SAMEA3357228		yes	Disseminated	2014	Gorrie 2019			Klebsiella pneumoniae	strong	141	215084	524371	5610691	no	-	ST3099	0	0	0	0	-	0	-	0	-	0	-	0	-	0	-	wzi173	KL155	?-	None	97,91%	KL155_12,KL155_13_wzy,KL155_20_rmlD,KL155_21_rmlC	OL101	?-*	Good	92,13%	OL101_03_rfbD,OL101_04_rfbC	-	-	-	-	-	-	-	-	-	-	-	-	-	-	-	-	-	SHV-27^	156D	-	-	-	-	-	ST3099	164	1	2	1	7	4	182	-	-	-	-	-	-	-	-	-	-	-	-	-	-	-	-	-	-	-	-	-	-	-	-	-	-	-	-	-	-	-	-	-	-	-	-	-	-	-
INF050	16870_7#71	16870_7#71	16870_7_71	ERR1023783	SAMEA3357025		yes	Pneumonia	2013	Gorrie 2019			Klebsiella pneumoniae	strong	119	479411	1325498	5516094	no	-	ST323	0	1	7	10	-	0	-	0	-	0	-	0	-	0	-	wzi262	KL21	none	Very high	100,00%		O3b	none	Very high	99,19%		"aac(6')-Ib-cr.v2;strA.v1^;strB.v1"	-	-	qnrB1.v2^	-	-	-	-	sul2	tet(A).v1	-	dfrA14.v1^	"OXA-1;TEM-1D.v1^"	-	CTX-M-15	-	-	SHV-1^	-	-	-	-	"CatB4.v1?-81%;fosA7*-15%"	-	ST323	2	1	1	1	9	1	93	-	-	-	-	-	-	-	-	-	-	-	-	-	-	-	-	-	-	-	-	-	-	-	-	-	-	-	-	-	-	-	-	-	-	-	-	-	-	-
INF051	16870_7#72	16870_7#72	16870_7_72	ERR1023784	SAMEA3357026		yes	Pneumonia	2013	Gorrie 2019			Klebsiella pneumoniae	strong	53	370442	1123094	5196492	no	-	ST882	1	0	0	0	"ybt 0; ICEKp9"	122	-	0	-	0	-	0	-	0	-	wzi248	KL16	none	Very high	99,36%		O1v1	none	Very high	98,20%		-	-	-	-	-	-	-	-	-	-	-	-	-	-	-	-	-	SHV-101*	-	-	-	-	-	-	ST882	2	1	1	37	1	27	19	33	37	40	41	1	93	92	28	26	8	52	-	-	-	-	-	-	-	-	-	-	-	-	-	-	-	-	-	-	-	-	-	-	-	-	-	-	-	-
INF052	16870_7#73	16870_7#73	16870_7_73	ERR1023785	SAMEA3357028		yes	Wound or tissue	2013	Gorrie 2019			Klebsiella pneumoniae	strong	55	394992	911826	5295770	no	-	ST3071	0	0	0	0	-	0	-	0	-	0	-	0	-	0	-	wzi278	KL35	?-	Good	98,81%	KL35_19_manB	O5	?-*	Good	94,32%	O5_02_manB	-	-	-	-	-	-	-	-	-	-	-	-	-	-	-	-	-	SHV-41*	-	-	-	-	-	fosA7*?-0%	ST3071	4	3	1	1	9	4	14	-	-	-	-	-	-	-	-	-	-	-	-	-	-	-	-	-	-	-	-	-	-	-	-	-	-	-	-	-	-	-	-	-	-	-	-	-	-	-
INF053	16870_7#74	16870_7#74	16870_7_74	ERR1023786	SAMEA3357030		yes	Disseminated	2013	Gorrie 2019			Klebsiella pneumoniae	strong	192	294806	670809	5449485	no	-	ST113	0	0	0	0	-	0	-	0	-	0	-	0	-	0	-	wzi355	KL114	?-	Good	99,22%	KL114_15	O3/O3a	none	Very high	97,86%		-	-	-	-	-	-	-	-	-	-	-	-	-	-	-	-	-	SHV-1	-	-	-	-	-	-	ST113	14	1	2	1	21	1	23	-	-	-	-	-	-	-	-	-	-	-	-	-	-	-	-	-	-	-	-	-	-	-	-	-	-	-	-	-	-	-	-	-	-	-	-	-	-	-
INF054	16870_7#75	16870_7#75	16870_7_75	ERR1023787	SAMEA3357032		yes	UTI	2013	Gorrie 2019			Klebsiella pneumoniae	strong	95	343183	706008	5419095	no	-	ST1322	0	0	0	0	-	0	-	0	-	0	-	0	-	0	-	wzi372	KL139	none	Perfect	100,00%		O1v1	none	Very high	98,33%		-	-	-	-	-	-	-	-	-	-	-	-	-	-	-	-	-	SHV-71*	146V	-	-	-	-	-	ST1322	2	5	121	8	180	1	6	-	-	-	-	-	-	-	-	-	-	-	-	-	-	-	-	-	-	-	-	-	-	-	-	-	-	-	-	-	-	-	-	-	-	-	-	-	-	-
INF055	16870_7#76	16870_7#76	16870_7_76	ERR1023788	SAMEA3357034		yes	UTI	2013	Gorrie 2019			Klebsiella pneumoniae	strong	57	422003	992106	5328693	no	-	ST268	1	0	0	0	"ybt 14; ICEKp5"	151	-	0	-	0	-	0	-	0	-	wzi95	KL20	none	Very high	99,94%		O2v1	none	Very high	98,97%		-	-	-	-	-	-	-	-	-	-	-	-	-	-	-	-	-	SHV-11.v1^	35Q	-	-	-	-	-	ST268	2	1	2	1	7	1	81	4	4	5	4	1	69	62	2	4	4	20	-	-	-	-	-	-	-	-	-	-	-	-	-	-	-	-	-	-	-	-	-	-	-	-	-	-	-	-
INF056	16870_7#77	16870_7#77	16870_7_77	ERR1023789	SAMEA3357036		yes	UTI	2013	Gorrie 2019			Klebsiella pneumoniae	strong	163	136802	595624	5491680	no	-	ST3042	1	0	1	0	"ybt 14; ICEKp5"	135	-	0	-	0	-	0	-	0	-	wzi18	KL18	none	Perfect	100,00%		O1v1	none	Very high	98,78%		-	-	-	-	-	-	-	-	-	-	-	-	-	-	-	-	-	SHV-36	35Q	-	-	GyrA-83F	-	-	ST3042	2	1	1	1	9	1	139	4	4	18	4	1	27	25	2	4	4	2	-	-	-	-	-	-	-	-	-	-	-	-	-	-	-	-	-	-	-	-	-	-	-	-	-	-	-	-
INF057	16870_7#78	16870_7#78	16870_7_78	ERR1023790	SAMEA3357039		yes	UTI	2013	Gorrie 2019			Klebsiella pneumoniae	strong	285	96024	317421	5802468	no	-	ST27	0	0	0	0	-	0	-	0	-	0	-	0	-	0	-	wzi267	KL142	?-	Good	99,82%	KL142_16_wcqA	O2v1	none	Very high	98,33%		-	-	-	-	-	-	-	-	-	-	-	-	-	-	-	-	-	SHV-40	35Q	-	-	-	-	-	ST27	2	1	11	1	9	10	23	-	-	-	-	-	-	-	-	-	-	-	-	-	-	-	-	-	-	-	-	-	-	-	-	-	-	-	-	-	-	-	-	-	-	-	-	-	-	-
INF060	16870_7#81	16870_7#81	16870_7_81	ERR1023793	SAMEA3357045		yes	UTI	2013	Gorrie 2019			Klebsiella pneumoniae	strong	84	329397	608101	5299434	no	-	ST603	0	0	0	0	-	0	-	0	-	0	-	0	-	0	-	wzi385	KL22	none	Very high	99,27%		O3b	none	Very high	99,21%		-	-	-	-	-	-	-	-	-	-	-	-	-	-	-	-	-	SHV-11.v1^	35Q	-	-	-	-	-	ST603	63	1	2	77	7	15	43	-	-	-	-	-	-	-	-	-	-	-	-	-	-	-	-	-	-	-	-	-	-	-	-	-	-	-	-	-	-	-	-	-	-	-	-	-	-	-
INF062	16870_7#82	16870_7#82	16870_7_82	ERR1023794	SAMEA3357047		yes	Pneumonia	2013	Gorrie 2019			Klebsiella pneumoniae	strong	106	359335	526214	5755125	no	-	ST230	0	0	0	0	-	0	-	0	-	0	-	0	-	0	-	wzi442	KL167	none	Very high	100,00%		OL101	*	High	94,95%		-	-	-	-	-	-	-	-	-	-	-	-	-	-	-	-	-	SHV-119^	35Q	-	-	-	-	-	ST230	2	1	2	1	13	1	38	-	-	-	-	-	-	-	-	-	-	-	-	-	-	-	-	-	-	-	-	-	-	-	-	-	-	-	-	-	-	-	-	-	-	-	-	-	-	-
INF063	16870_7#83	16870_7#83	16870_7_83	ERR1023795	SAMEA3357049		yes	Wound or tissue	2013	Gorrie 2019			Klebsiella pneumoniae	strong	69	333385	817471	5373926	no	-	ST110	0	0	0	0	-	0	-	0	-	0	-	0	-	0	-	wzi194	KL108	*	Very high	97,50%		O1v2	none	Very high	98,49%		-	-	-	-	-	-	-	-	-	-	-	-	-	-	-	-	-	SHV-1	-	-	-	-	-	-	ST110	2	6	1	3	8	1	44	-	-	-	-	-	-	-	-	-	-	-	-	-	-	-	-	-	-	-	-	-	-	-	-	-	-	-	-	-	-	-	-	-	-	-	-	-	-	-
INF067	16870_7#86	16870_7#86	16870_7_86	ERR1023797	SAMEA3357057		yes	Wound or tissue	2013	Gorrie 2019			Klebsiella pneumoniae	strong	74	436835	914947	5414068	no	-	ST45	1	0	0	0	"ybt 10; ICEKp4"	78	-	0	-	0	-	0	-	0	-	wzi101	KL24	-	High	99,01%	KL24_13_wcuG	O2v1	none	Very high	98,76%		-	-	-	-	-	-	-	-	-	-	-	-	-	-	-	-	-	SHV-1	-	-	-	-	-	-	ST45	2	1	1	6	7	1	12	3	12	4	11	3	21	18	3	10	16	2	-	-	-	-	-	-	-	-	-	-	-	-	-	-	-	-	-	-	-	-	-	-	-	-	-	-	-	-
INF155	16870_8#1	16870_8#1	16870_8_1	ERR1023798	SAMEA3357073		yes	UTI	2013	Gorrie 2019			Klebsiella pneumoniae	strong	63	384702	1131928	5450005	no	-	ST882	1	0	4	6	"ybt 10; ICEKp4"	87	-	0	-	0	-	0	-	0	-	wzi249	KL16	none	Very high	99,37%		O1v1	none	Very high	98,20%		-	-	-	-	-	-	-	-	"sul1;sul2"	tet(D)	-	dfrA5^	"CMY-2.v2;TEM-1D.v1^"	-	-	-	-	SHV-101*	-	-	-	-	-	-	ST882	2	1	1	37	1	27	19	3	12	4	3	3	100	101	3	30	9	2	-	-	-	-	-	-	-	-	-	-	-	-	-	-	-	-	-	-	-	-	-	-	-	-	-	-	-	-
INF166	16870_8#10	16870_8#10	16870_8_10	ERR1023805	SAMEA3357092		yes	Pneumonia	2013	Gorrie 2019			Klebsiella pneumoniae	strong	79	334923	936386	5346390	no	-	ST2370	1	0	0	0	"ybt 4; plasmid"	36	-	0	-	0	-	0	-	0	-	wzi50	KL15	none	Very high	99,78%		O4	none	Very high	99,71%		-	-	-	-	-	-	-	-	-	-	-	-	-	-	-	-	-	SHV-11.v1^	35Q	-	-	-	-	-	ST2370	2	9	1	1	13	1	16	18	20	43	18	13	97	71	30	8	26	35	-	-	-	-	-	-	-	-	-	-	-	-	-	-	-	-	-	-	-	-	-	-	-	-	-	-	-	-
INF167	16870_8#11	16870_8#11	16870_8_11	ERR1023806	SAMEA3357094		yes	UTI	2013	Gorrie 2019			Klebsiella pneumoniae	strong	75	348925	936386	5346867	no	-	ST2370	1	0	0	0	"ybt 4; plasmid"	36	-	0	-	0	-	0	-	0	-	wzi50	KL15	none	Very high	99,78%		O4	none	Very high	99,71%		-	-	-	-	-	-	-	-	-	-	-	-	-	-	-	-	-	SHV-11.v1^	35Q	-	-	-	-	-	ST2370	2	9	1	1	13	1	16	18	20	43	18	13	97	71	30	8	26	35	-	-	-	-	-	-	-	-	-	-	-	-	-	-	-	-	-	-	-	-	-	-	-	-	-	-	-	-
INF170	16870_8#13	16870_8#13	16870_8_13	ERR1023808	SAMEA3357099		yes	UTI	2013	Gorrie 2019			Klebsiella pneumoniae	strong	214	197728	521105	5725184	no	-	ST2116	0	0	0	0	-	0	-	0	-	0	-	0	-	0	-	wzi84	KL28	none	Very high	99,19%		O1v2	none	Very high	99,48%		-	-	-	-	-	-	-	-	-	-	-	-	-	-	-	-	-	SHV-36	35Q	-	-	-	-	-	ST2116	2	1	1	1	9	1	19	-	-	-	-	-	-	-	-	-	-	-	-	-	-	-	-	-	-	-	-	-	-	-	-	-	-	-	-	-	-	-	-	-	-	-	-	-	-	-
INF172	16870_8#15	16870_8#15	16870_8_15	ERR1023810	SAMEA3357104		yes	UTI	2013	Gorrie 2019			Klebsiella pneumoniae	strong	124	147723	402494	5176874	no	-	ST540	0	0	0	0	-	0	-	0	-	0	-	0	-	0	-	wzi336	KL9	none	Very high	98,28%		O1v2	?-	Good	98,39%	O1/O2v2_03_wbbM	-	-	-	-	-	-	-	-	-	-	-	-	-	-	-	-	-	-	-	-	-	-	-	-	ST540	2	1	71	1	3	3	18	-	-	-	-	-	-	-	-	-	-	-	-	-	-	-	-	-	-	-	-	-	-	-	-	-	-	-	-	-	-	-	-	-	-	-	-	-	-	-
INF173	16870_8#16	16870_8#16	16870_8_16	ERR1023811	SAMEA3357105		yes	Pneumonia	2013	Gorrie 2019			Klebsiella pneumoniae	strong	46	399212	797523	5174003	no	-	ST256	0	0	0	0	-	0	-	0	-	0	-	0	-	0	-	wzi209	KL47	none	Very high	99,45%		OL101	*	Very high	95,33%		-	-	-	-	-	-	-	-	-	-	-	-	-	-	-	-	-	SHV-11.v1^	35Q	-	-	-	-	-	ST256	2	1	2	1	13	1	16	-	-	-	-	-	-	-	-	-	-	-	-	-	-	-	-	-	-	-	-	-	-	-	-	-	-	-	-	-	-	-	-	-	-	-	-	-	-	-
INF175	16870_8#18	16870_8#18	16870_8_18	ERR1023813	SAMEA3357110		yes	UTI	2013	Gorrie 2019			Klebsiella pneumoniae	strong	79	323672	637361	5255743	no	-	ST1165	0	0	0	0	-	0	-	0	-	0	-	0	-	0	-	wzi286	KL45	none	Perfect	100,00%		O2v2	-	High	98,40%	O1/O2v2_09_gmlB	-	-	-	-	-	-	-	-	-	-	-	-	-	-	-	-	-	SHV-61^	35Q	-	-	-	-	-	ST1165	25	3	19	1	1	4	212	-	-	-	-	-	-	-	-	-	-	-	-	-	-	-	-	-	-	-	-	-	-	-	-	-	-	-	-	-	-	-	-	-	-	-	-	-	-	-
INF176	16870_8#19	16870_8#19	16870_8_19	ERR1023814	SAMEA3357112		yes	UTI	2013	Gorrie 2019			Klebsiella pneumoniae	strong	67	358663	913099	5539532	no	-	ST37	1	0	0	0	"ybt 15; ICEKp11"	275	-	0	-	0	-	0	-	0	-	wzi14	KL14	?-	Good	99,95%	KL14_19_manC,KL14_20_manB	O3b	?-	Good	99,32%	O3b_01_manC,O3b_02_manB	-	-	-	-	-	-	-	-	-	-	-	-	-	-	-	-	-	SHV-11.v1^	35Q	-	-	-	-	-	ST37	2	9	2	1	13	1	16	6	15	5	4	1	37	100	32	1	4	26	-	-	-	-	-	-	-	-	-	-	-	-	-	-	-	-	-	-	-	-	-	-	-	-	-	-	-	-
INF180	16870_8#23	16870_8#23	16870_8_23	ERR1023818	SAMEA3357119		yes	UTI	2013	Gorrie 2019			Klebsiella pneumoniae	strong	97	607747	742571	5506838	no	-	ST661	1	0	0	0	"ybt 4; plasmid"	32	-	0	-	0	-	0	-	0	-	wzi84	KL28	none	Very high	99,46%		O2v1	none	Very high	98,85%		-	-	-	-	-	-	-	-	-	-	-	-	-	-	-	-	-	SHV-27	156D	-	-	-	-	-	ST661	4	3	1	36	9	10	14	18	20	27	18	13	76	71	20	8	26	35	-	-	-	-	-	-	-	-	-	-	-	-	-	-	-	-	-	-	-	-	-	-	-	-	-	-	-	-
INF181	16870_8#24	16870_8#24	16870_8_24	ERR1023819	SAMEA3357120		yes	UTI	2013	Gorrie 2019			Klebsiella variicola subsp. variicola	strong	68	533057	1832426	5838578	no	-	ST347	0	1	7	10	-	0	-	0	-	0	-	0	-	0	-	wzi244	KL14	-*	High	90,80%	KL14_13	O5	none	Very high	99,67%		"aac(6')-Ib-cr.v2;strA.v1^;strB.v1"	-	-	qnrB1.v2^	-	-	-	-	sul2	tet(A).v1	-	dfrA14.v1^	"OXA-1;TEM-1D.v1^"	-	CTX-M-15	-	-	LEN-9	-	OmpK36-0%	-	-	CatB4.v1?-81%	-	ST347	16	24	21	27	47	22	67	-	-	-	-	-	-	-	-	-	-	-	-	-	-	-	-	-	-	-	-	-	-	-	-	-	-	-	-	-	-	-	-	-	-	-	-	-	-	-
INF183	16870_8#26	16870_8#26	16870_8_26	ERR1023821	SAMEA3357122		yes	UTI	2013	Gorrie 2019			Klebsiella pneumoniae	strong	96	318387	542148	5557484	no	-	ST36	0	0	0	0	-	0	-	0	-	0	-	0	-	0	-	wzi299	KL51	none	Very high	99,13%		O2v1	none	Very high	98,85%		-	-	-	-	-	-	-	-	-	-	-	-	-	-	-	-	-	SHV-11.v1^	35Q	-	-	-	-	-	ST36	2	1	2	1	7	1	7	-	-	-	-	-	-	-	-	-	-	-	-	-	-	-	-	-	-	-	-	-	-	-	-	-	-	-	-	-	-	-	-	-	-	-	-	-	-	-
INF184	16870_8#27	16870_8#27	16870_8_27	ERR1023822	SAMEA3357123		yes	UTI	2013	Gorrie 2019			Klebsiella pneumoniae	strong	77	339607	963327	5262106	no	-	ST3062	0	1	6	9	-	0	-	0	-	0	-	0	-	0	-	wzi387	KL124	none	Perfect	100,00%		O3/O3a	none	Very high	98,76%		"aadA5;strA.v1^;strB.v1*"	-	-	-	-	mphA	-	-	"sul1;sul2"	tet(A).v1	-	dfrA17	-	-	CTX-M-14	-	-	SHV-1*	-	-	-	-	-	-	ST3062	3	1	1	1	316	1	43	-	-	-	-	-	-	-	-	-	-	-	-	-	-	-	-	-	-	-	-	-	-	-	-	-	-	-	-	-	-	-	-	-	-	-	-	-	-	-
INF187	16870_8#29	16870_8#29	16870_8_29	ERR1023824	SAMEA3357125		yes	Pneumonia	2013	Gorrie 2019			Klebsiella quasipneumoniae subsp. similipneumoniae	strong	69	368731	937865	5227835	no	-	ST480	0	0	0	0	-	0	-	0	-	0	-	0	-	0	-	wzi301	KL52	*	Very high	96,20%		OL103	none	Very high	98,51%		-	-	-	-	-	-	-	-	-	-	-	-	-	-	-	-	-	OKP-B-5*?	-	-	-	-	-	-	ST480	18	22	55	22	11	13	51	-	-	-	-	-	-	-	-	-	-	-	-	-	-	-	-	-	-	-	-	-	-	-	-	-	-	-	-	-	-	-	-	-	-	-	-	-	-	-
INF189	16870_8#31	16870_8#31	16870_8_31	ERR1023826	SAMEA3357127		yes	UTI	2013	Gorrie 2019			Klebsiella variicola subsp. variicola	strong	52	525212	1686700	5539460	no	-	ST3083	0	0	0	0	-	0	-	0	-	0	-	0	-	0	-	wzi53	KL53	?-+	Low	99,70%	KL53_17_manC,KL53_18_manB	O3/O3a	?-	Good	99,37%	O3/O3a_01_manC,O3/O3a_02_manB	-	-	-	-	-	-	-	-	-	-	-	-	-	-	-	-	-	LEN-16^	-	-	-	-	-	-	ST3083	16	24	21	27	53	22	67	-	-	-	-	-	-	-	-	-	-	-	-	-	-	-	-	-	-	-	-	-	-	-	-	-	-	-	-	-	-	-	-	-	-	-	-	-	-	-
INF191	16870_8#33	16870_8#33	16870_8_33	ERR1023828	SAMEA3357129		yes	Pneumonia	2013	Gorrie 2019			Klebsiella pneumoniae	strong	57	325844	432906	5422129	no	-	ST86	4	0	0	0	"ybt 9; ICEKp3"	202	-	0	iuc 1	1	iro 1	1	"rmp 1; KpVP-1"	26	rmpA2_4*-47%	-	KL2	-+	Good	99,74%	KL2_03_wzi	O1v1	none	Very high	98,46%		-	-	-	-	-	-	-	-	-	-	-	-	-	-	-	-	-	SHV-1^	-	-	-	-	-	-	ST86	9	4	2	1	1	1	27	5	19	26	5	1	79	53	9	5	5	21	-	-	-	-	-	-	-	-	-	-	-	-	-	-	-	1	1	1	1	1	1	1	1	1	2	2	2	-
INF193	16870_8#35	16870_8#35	16870_8_35	ERR1023830	SAMEA3357131		yes	UTI	2013	Gorrie 2019			Klebsiella variicola subsp. variicola	strong	175	251072	402692	5606571	no	-	ST681	0	0	0	0	-	0	-	0	-	0	-	0	-	0	-	wzi236	KL10	none	Perfect	100,00%		O2v2	*	Very high	96,46%		-	-	-	-	-	-	-	-	-	-	-	-	-	-	-	-	-	LEN-2^	-	-	-	-	-	-	ST681	16	24	60	33	83	40	67	-	-	-	-	-	-	-	-	-	-	-	-	-	-	-	-	-	-	-	-	-	-	-	-	-	-	-	-	-	-	-	-	-	-	-	-	-	-	-
INF195	16870_8#37	16870_8#37	16870_8_37	ERR1023832	SAMEA3357133		yes	UTI	2013	Gorrie 2019			Klebsiella quasipneumoniae subsp. similipneumoniae	strong	56	632487	846347	5222113	no	-	ST414	0	0	0	0	-	0	-	0	-	0	-	0	-	0	-	wzi44	KL123	none	Perfect	100,00%		O3/O3a	none	Very high	95,99%		-	-	-	-	-	-	-	-	-	-	-	-	-	-	-	-	-	OKP-B-8	-	-	-	-	-	-	ST414	18	22	26	63	85	20	51	-	-	-	-	-	-	-	-	-	-	-	-	-	-	-	-	-	-	-	-	-	-	-	-	-	-	-	-	-	-	-	-	-	-	-	-	-	-	-
INF186	16870_8#38	16870_8#38	16870_8_38	ERR1023833	SAMEA3357135		yes	Wound or tissue	2013	Gorrie 2019			Klebsiella quasipneumoniae subsp. similipneumoniae	strong	69	368731	937865	5228098	no	-	ST480	0	0	0	0	-	0	-	0	-	0	-	0	-	0	-	wzi301	KL52	*	Very high	96,20%		OL103	none	Very high	98,51%		-	-	-	-	-	-	-	-	-	-	-	-	-	-	-	-	-	OKP-B-5*?	-	-	-	-	-	-	ST480	18	22	55	22	11	13	51	-	-	-	-	-	-	-	-	-	-	-	-	-	-	-	-	-	-	-	-	-	-	-	-	-	-	-	-	-	-	-	-	-	-	-	-	-	-	-
INF197	16870_8#39	16870_8#39	16870_8_39	ERR1023834	SAMEA3357136		yes	UTI	2013	Gorrie 2019			Klebsiella pneumoniae	strong	277	94510	201748	5483628	no	-	ST27	0	0	0	0	-	0	-	0	-	0	-	0	-	0	-	wzi38	KL38	?-	Low	96,49%	KL38_15	O1v1	none	Very high	98,25%		-	-	-	-	-	-	-	-	-	-	-	-	-	-	-	-	-	SHV-40	35Q	-	-	-	-	-	ST27	2	1	11	1	9	10	23	-	-	-	-	-	-	-	-	-	-	-	-	-	-	-	-	-	-	-	-	-	-	-	-	-	-	-	-	-	-	-	-	-	-	-	-	-	-	-
INF198	16870_8#40	16870_8#40	16870_8_40	ERR1023835	SAMEA3357137		yes	UTI	2013	Gorrie 2019			Klebsiella pneumoniae	strong	82	277252	1399849	5569672	no	-	ST1010	0	0	0	0	-	0	-	0	-	0	-	0	-	0	-	wzi377	KL142	none	Perfect	100,00%		O1v1	-	High	98,00%	O1/O2v1_05_wbbN	-	-	-	-	-	-	-	-	-	-	-	-	-	-	-	-	-	SHV-11.v1^	35Q	-	-	-	-	-	ST1010	2	3	1	1	1	4	48	-	-	-	-	-	-	-	-	-	-	-	-	-	-	-	-	-	-	-	-	-	-	-	-	-	-	-	-	-	-	-	-	-	-	-	-	-	-	-
INF199	16870_8#41	16870_8#41	16870_8_41	ERR1023836	SAMEA3357138		yes	UTI	2013	Gorrie 2019			Klebsiella pneumoniae	strong	55	338481	745062	5196953	no	-	ST629	0	0	0	0	-	0	-	0	-	0	-	0	-	0	-	wzi100	KL10	none	Very high	96,76%		O3/O3a	none	Very high	97,98%		-	-	-	-	-	-	-	-	-	-	-	-	-	-	-	-	-	SHV-11.v1^	35Q	-	-	-	-	-	ST629	2	3	87	1	12	1	26	-	-	-	-	-	-	-	-	-	-	-	-	-	-	-	-	-	-	-	-	-	-	-	-	-	-	-	-	-	-	-	-	-	-	-	-	-	-	-
INF200	16870_8#42	16870_8#42	16870_8_42	ERR1023837	SAMEA3357139		yes	Wound or tissue	2013	Gorrie 2019			Klebsiella pneumoniae	strong	56	423456	1057411	5133253	no	-	ST292	0	0	0	0	-	0	-	0	-	0	-	0	-	0	-	wzi16	KL143	none	Perfect	100,00%		O2v2	none	Very high	98,57%		-	-	-	-	-	-	-	-	-	-	-	-	-	-	-	-	-	SHV-11.v1^	35Q	-	-	-	-	-	ST292	2	1	2	1	1	1	4	-	-	-	-	-	-	-	-	-	-	-	-	-	-	-	-	-	-	-	-	-	-	-	-	-	-	-	-	-	-	-	-	-	-	-	-	-	-	-
INF202	16870_8#44	16870_8#44	16870_8_44	ERR1023839	SAMEA3357141		yes	UTI	2013	Gorrie 2019			Klebsiella pneumoniae	strong	97	323851	1014095	5446230	no	-	ST3052	0	0	0	0	-	0	-	0	-	0	-	0	-	0	-	wzi349	KL112	none	Perfect	100,00%		O2v2	?	Good	98,52%		-	-	-	-	-	-	-	-	-	-	-	-	-	-	-	-	-	SHV-26	-	-	-	-	-	-	ST3052	2	3	1	1	9	7	61	-	-	-	-	-	-	-	-	-	-	-	-	-	-	-	-	-	-	-	-	-	-	-	-	-	-	-	-	-	-	-	-	-	-	-	-	-	-	-
INF203	16870_8#45	16870_8#45	16870_8_45	ERR1023840	SAMEA3357142		yes	UTI	2013	Gorrie 2019			Klebsiella variicola subsp. variicola	strong	80	382842	1068487	5819424	no	-	ST3088	0	0	0	0	-	0	-	0	-	0	-	0	-	0	-	wzi251	KL16	*	Very high	97,29%		O5	none	Very high	99,41%		-	-	-	-	-	-	-	-	-	-	-	-	-	-	-	-	-	LEN-2*	-	-	-	-	-	-	ST3088	16	24	227	91	194	22	124	-	-	-	-	-	-	-	-	-	-	-	-	-	-	-	-	-	-	-	-	-	-	-	-	-	-	-	-	-	-	-	-	-	-	-	-	-	-	-
INF204	16870_8#46	16870_8#46	16870_8_46	ERR1023841	SAMEA3357143		yes	UTI	2013	Gorrie 2019			Klebsiella pneumoniae	strong	188	125082	483336	5478400	no	-	ST253	0	0	0	0	-	0	-	0	-	0	-	0	-	0	-	wzi50	KL15	none	Very high	99,83%		O4	none	Very high	99,67%		-	-	-	-	-	-	-	-	-	-	-	-	-	-	-	-	-	SHV-36	35Q	-	-	-	-	-	ST253	2	1	1	1	9	1	13	-	-	-	-	-	-	-	-	-	-	-	-	-	-	-	-	-	-	-	-	-	-	-	-	-	-	-	-	-	-	-	-	-	-	-	-	-	-	-
INF205	16870_8#47	16870_8#47	16870_8_47	ERR1023842	SAMEA3357144		yes	UTI	2013	Gorrie 2019			Klebsiella pneumoniae	strong	74	372102	778374	5260922	no	-	ST3049	0	0	0	0	-	0	-	0	-	0	-	0	-	0	-	wzi56	KL55	*	Very high	96,24%		O3/O3a	none	Very high	98,39%		-	-	-	-	-	-	-	-	-	-	-	-	-	-	-	-	-	SHV-41	-	-	-	-	-	-	ST3049	2	1	2	1	325	1	68	-	-	-	-	-	-	-	-	-	-	-	-	-	-	-	-	-	-	-	-	-	-	-	-	-	-	-	-	-	-	-	-	-	-	-	-	-	-	-
INF207	16870_8#49	16870_8#49	16870_8_49	ERR1023844	SAMEA3357146		yes	Pneumonia	2013	Gorrie 2019			Klebsiella quasipneumoniae subsp. similipneumoniae	strong	84	275090	503917	5370213	no	-	ST1308	0	0	0	0	-	0	-	0	-	0	-	0	-	0	-	wzi438	KL144	none	Perfect	100,00%		O4	none	Very high	99,64%		-	-	-	-	-	-	-	-	-	-	-	-	-	-	-	-	-	OKP-B-6*?	-	-	-	-	-	-	ST1308	48	22	18	59	92	13	51	-	-	-	-	-	-	-	-	-	-	-	-	-	-	-	-	-	-	-	-	-	-	-	-	-	-	-	-	-	-	-	-	-	-	-	-	-	-	-
INF159	16870_8#5	16870_8#5	16870_8_5	ERR1023802	SAMEA3357082		yes	UTI	2013	Gorrie 2019			Klebsiella pneumoniae	strong	121	252157	828663	5498565	no	-	ST12	0	0	0	0	-	0	-	0	-	0	-	0	-	0	-	wzi162	KL122	none	Very high	99,95%		O2v2	none	Very high	98,50%		-	-	-	-	-	-	-	-	-	-	-	-	-	-	-	-	-	SHV-11.v1^	35Q	-	-	-	-	-	ST12	6	3	1	1	12	1	4	-	-	-	-	-	-	-	-	-	-	-	-	-	-	-	-	-	-	-	-	-	-	-	-	-	-	-	-	-	-	-	-	-	-	-	-	-	-	-
INF209	16870_8#51	16870_8#51	16870_8_51	ERR1023846	SAMEA3357148		yes	Pneumonia	2013	Gorrie 2019			Klebsiella variicola subsp. variicola	strong	173	251072	402692	5602134	no	-	ST681	0	0	0	0	-	0	-	0	-	0	-	0	-	0	-	wzi236	KL10	none	Perfect	100,00%		O2v2	*	Very high	96,46%		-	-	-	-	-	-	-	-	-	-	-	-	-	-	-	-	-	LEN-2^	-	-	-	-	-	-	ST681	16	24	60	33	83	40	67	-	-	-	-	-	-	-	-	-	-	-	-	-	-	-	-	-	-	-	-	-	-	-	-	-	-	-	-	-	-	-	-	-	-	-	-	-	-	-
INF211	16870_8#53	16870_8#53	16870_8_53	ERR1023848	SAMEA3357150		yes	Pneumonia	2013	Gorrie 2019			Klebsiella pneumoniae	strong	84	388907	865226	5497735	no	-	ST281	0	0	0	0	-	0	-	0	-	0	-	0	-	0	-	wzi329	KL64	none	Very high	99,89%		O1v1	none	Very high	98,62%		-	-	-	-	-	-	-	-	-	-	-	-	-	-	-	-	-	SHV-108	35Q	-	-	-	-	-	ST281	7	1	5	46	1	1	84	-	-	-	-	-	-	-	-	-	-	-	-	-	-	-	-	-	-	-	-	-	-	-	-	-	-	-	-	-	-	-	-	-	-	-	-	-	-	-
INF212	16870_8#54	16870_8#54	16870_8_54	ERR1023849	SAMEA3357152		yes	Disseminated	2013	Gorrie 2019			Klebsiella variicola subsp. variicola	strong	117	270458	529505	5478643	no	-	ST681	0	0	0	0	-	0	-	0	-	0	-	0	-	0	-	wzi236	KL10	none	Perfect	100,00%		O2v2	*	Very high	96,46%		-	-	-	-	-	-	-	-	-	-	-	-	-	-	-	-	-	LEN-2^	-	-	-	-	-	-	ST681	16	24	60	33	83	40	67	-	-	-	-	-	-	-	-	-	-	-	-	-	-	-	-	-	-	-	-	-	-	-	-	-	-	-	-	-	-	-	-	-	-	-	-	-	-	-
INF213	16870_8#55	16870_8#55	16870_8_55	ERR1023850	SAMEA3357154		yes	UTI	2013	Gorrie 2019			Klebsiella pneumoniae	strong	95	371554	983728	5482093	no	-	ST323	0	1	8	11	-	0	-	0	-	0	-	0	-	0	-	wzi262	KL21	none	Very high	100,00%		O3b	none	Very high	99,19%		"aac(6')-Ib-cr.v2;strA.v1^;strB.v1"	-	-	qnrB1.v2^	-	-	CatB4.v1?	-	sul2	tet(A).v1	-	dfrA14.v1^	"OXA-1;TEM-1D.v1^"	-	CTX-M-15	-	-	SHV-1^	-	-	-	-	fosA7*-15%	-	ST323	2	1	1	1	9	1	93	-	-	-	-	-	-	-	-	-	-	-	-	-	-	-	-	-	-	-	-	-	-	-	-	-	-	-	-	-	-	-	-	-	-	-	-	-	-	-
INF216	16870_8#58	16870_8#58	16870_8_58	ERR1023853	SAMEA3357160		yes	UTI	2013	Gorrie 2019			Klebsiella variicola subsp. variicola	strong	27	1009122	2147949	5358564	no	-	ST3079	0	0	0	0	-	0	-	0	-	0	-	0	-	0	-	wzi53	KL53	none	Very high	99,53%		O3/O3a	none	Very high	98,77%		-	-	-	-	-	-	-	-	-	-	-	-	-	-	-	-	-	LEN-8	-	-	-	-	-	-	ST3079	16	18	21	194	53	17	75	-	-	-	-	-	-	-	-	-	-	-	-	-	-	-	-	-	-	-	-	-	-	-	-	-	-	-	-	-	-	-	-	-	-	-	-	-	-	-
INF217	16870_8#59	16870_8#59	16870_8_59	ERR1023854	SAMEA3357162		yes	UTI	2013	Gorrie 2019			Klebsiella variicola subsp. variicola	strong	101	284333	438013	5637669	no	-	ST919	0	0	0	0	-	0	-	0	-	0	-	0	-	0	-	wzi198	KL67	?-*	Good	96,09%	KL67_20_rmlB,KL67_21_rmlA	OL103	?-+	Good	96,47%	OL103_01_rmlC	-	-	-	-	-	-	-	-	-	-	-	-	-	-	-	-	-	LEN-32	-	-	-	-	-	-	ST919	16	24	21	27	47	22	188	-	-	-	-	-	-	-	-	-	-	-	-	-	-	-	-	-	-	-	-	-	-	-	-	-	-	-	-	-	-	-	-	-	-	-	-	-	-	-
INF160	16870_8#6	16870_8#6	16870_8_6	ERR1023803	SAMEA3357084		yes	UTI	2013	Gorrie 2019			Klebsiella pneumoniae	strong	83	349040	716479	5405786	no	-	ST3056	1	0	0	0	"ybt 4; plasmid"	329	-	0	-	0	-	0	-	0	-	wzi274	KL30	none	Very high	99,16%		O1v1	none	Very high	97,99%		-	-	-	-	-	-	-	-	-	-	-	-	-	-	-	-	-	SHV-25	35Q	-	-	-	-	-	ST3056	2	6	2	1	9	27	375	18	41	27	46	13	41	71	9	8	26	35	-	-	-	-	-	-	-	-	-	-	-	-	-	-	-	-	-	-	-	-	-	-	-	-	-	-	-	-
INF218	16870_8#60	16870_8#60	16870_8_60	ERR1023855	SAMEA3357164		yes	Disseminated	2013	Gorrie 2019			Klebsiella variicola subsp. variicola	strong	149	235638	1353113	5800713	no	-	ST3081	0	0	0	0	-	0	-	0	-	0	-	0	-	0	-	wzi246	KL15	none	Very high	99,79%		O4	none	Very high	99,70%		-	-	-	-	-	-	-	-	-	-	-	-	-	-	-	-	-	LEN-16	-	-	-	-	-	-	ST3081	16	18	226	27	39	22	67	-	-	-	-	-	-	-	-	-	-	-	-	-	-	-	-	-	-	-	-	-	-	-	-	-	-	-	-	-	-	-	-	-	-	-	-	-	-	-
INF219	16870_8#61	16870_8#61	16870_8_61	ERR1023856	SAMEA3357166		yes	UTI	2013	Gorrie 2019			Klebsiella variicola subsp. variicola	strong	43	479851	1506456	5404882	no	-	ST594	0	0	0	0	-	0	-	0	-	0	-	0	-	0	-	wzi116	KL19	none	Very high	98,72%		O5	none	Very high	99,50%		-	-	-	-	-	-	-	-	-	-	-	-	-	-	-	-	-	-	-	-	-	-	LEN-10*-39%	-	ST594	16	24	80	27	92	22	67	-	-	-	-	-	-	-	-	-	-	-	-	-	-	-	-	-	-	-	-	-	-	-	-	-	-	-	-	-	-	-	-	-	-	-	-	-	-	-
INF220	16870_8#62	16870_8#62	16870_8_62	ERR1023857	SAMEA3357168		yes	Pneumonia	2013	Gorrie 2019			Klebsiella pneumoniae	strong	95	345120	928626	5288926	no	-	ST1877	0	0	0	0	-	0	-	0	-	0	-	0	-	0	-	wzi23	KL14	?-	Good	99,74%	KL14_20_manB	O3b	?-	Good	98,99%	O3b_02_manB	-	-	-	-	-	-	-	-	-	-	-	-	-	-	-	-	-	SHV-11.v1^	35Q	-	-	-	-	-	ST1877	1	1	2	1	10	24	19	-	-	-	-	-	-	-	-	-	-	-	-	-	-	-	-	-	-	-	-	-	-	-	-	-	-	-	-	-	-	-	-	-	-	-	-	-	-	-
INF221	16870_8#63	16870_8#63	16870_8_63	ERR1023858	SAMEA3357170		yes	UTI	2013	Gorrie 2019			Klebsiella quasipneumoniae subsp. similipneumoniae	strong	48	403410	1274053	5318346	no	-	ST1822	0	0	0	0	-	0	-	0	-	0	-	0	-	0	-	wzi291	KL48	*	High	93,44%		O5	*	High	94,38%		-	-	-	-	-	-	-	-	-	-	-	-	-	-	-	-	-	OKP-B-18*?	-	-	-	-	-	-	ST1822	18	22	26	64	107	92	192	-	-	-	-	-	-	-	-	-	-	-	-	-	-	-	-	-	-	-	-	-	-	-	-	-	-	-	-	-	-	-	-	-	-	-	-	-	-	-
INF224	16870_8#66	16870_8#66	16870_8_66	ERR1023861	SAMEA3357176		yes	UTI	2013	Gorrie 2019			Klebsiella pneumoniae	strong	69	435165	1372055	5531144	no	-	ST336	0	0	6	7	-	0	-	0	-	0	-	0	-	0	-	wzi141	KL25	-	High	99,17%	KL25_09_wfeD	O5	*	High	94,21%		"aph3-Ia.v1^;strA.v1^;strB.v1"	-	-	-	-	mphA	-	-	sul2*	-	-	dfrA14.v1^	TEM-1D.v1^	-	-	-	-	SHV-11.v1^	35Q	-	-	GyrA-83Y	-	-	ST336	2	1	1	1	72	4	4	-	-	-	-	-	-	-	-	-	-	-	-	-	-	-	-	-	-	-	-	-	-	-	-	-	-	-	-	-	-	-	-	-	-	-	-	-	-	-
INF225	16870_8#67	16870_8#67	16870_8_67	ERR1023862	SAMEA3357178		yes	UTI	2013	Gorrie 2019			Klebsiella pneumoniae	strong	58	356069	668845	5371912	no	-	ST86	4	0	0	0	"ybt 9; ICEKp3"	183	-	0	iuc 1	1	iro 1	1	"rmp 1; KpVP-1"	26	rmpA2_2*-47%	wzi2	KL2	none	Very high	99,94%		O1v1	none	Very high	98,46%		-	-	-	-	-	-	-	-	-	-	-	-	-	-	-	-	-	SHV-1^	-	-	-	-	-	-	ST86	9	4	2	1	1	1	27	5	11	6	5	1	25	37	9	5	5	11	-	-	-	-	-	-	-	-	-	-	-	-	-	-	-	1	1	1	1	1	1	1	1	1	2	2	2	-
INF226	16870_8#68	16870_8#68	16870_8_68	ERR1023863	SAMEA3357180		yes	UTI	2013	Gorrie 2019			Klebsiella pneumoniae	strong	46	383074	706647	5469197	no	-	ST3068	0	0	0	0	-	0	-	0	-	0	-	0	-	0	-	wzi216	KL119	none	Very high	99,98%		O4	none	Very high	99,98%		-	-	-	-	-	-	-	-	-	-	-	-	-	-	-	-	-	SHV-11.v1^	35Q	-	-	-	-	-	ST3068	4	1	1	1	12	1	38	-	-	-	-	-	-	-	-	-	-	-	-	-	-	-	-	-	-	-	-	-	-	-	-	-	-	-	-	-	-	-	-	-	-	-	-	-	-	-
INF227	16870_8#69	16870_8#69	16870_8_69	ERR1023864	SAMEA3357182		yes	UTI	2013	Gorrie 2019			Klebsiella pneumoniae	strong	113	218861	455958	5544516	no	-	ST792	2	0	0	0	"ybt 17; ICEKp10"	281	clb 3	15	-	0	-	0	-	0	-	wzi25	KL25	none	Perfect	100,00%		O3/O3a	none	Very high	98,57%		-	-	-	-	-	-	-	-	-	-	-	-	-	-	-	-	-	SHV-1*	-	-	-	-	-	-	ST792	2	7	1	26	1	4	4	6	15	5	4	11	78	26	2	11	4	2	2	10	2	2	2	2	2	3	2	2	2	2	6	2	2	-	-	-	-	-	-	-	-	-	-	-	-	-
INF230	16870_8#71	16870_8#71	16870_8_71	ERR1023865	SAMEA3357190		yes	UTI	2013	Gorrie 2019			Klebsiella quasipneumoniae subsp. similipneumoniae	strong	33	940513	1663509	5154131	no	-	ST3093	0	0	0	0	-	0	-	0	-	0	-	0	-	0	-	wzi290	KL47	*	Very high	95,35%		O3/O3a	none	Very high	95,99%		-	-	-	-	-	-	-	-	-	-	-	-	-	-	-	-	-	OKP-B-5*?	-	-	-	-	-	-	ST3093	18	22	26	61	115	13	419	-	-	-	-	-	-	-	-	-	-	-	-	-	-	-	-	-	-	-	-	-	-	-	-	-	-	-	-	-	-	-	-	-	-	-	-	-	-	-
INF233	16870_8#74	16870_8#74	16870_8_74	ERR1023868	SAMEA3357195		yes	UTI	2013	Gorrie 2019			Klebsiella pneumoniae	strong	75	276921	1029023	5392921	no	-	ST180	1	0	0	0	"ybt 10; ICEKp4"	88	-	0	-	0	-	0	-	0	-	wzi24	KL55	*	Very high	96,16%		O1v1	none	Very high	98,47%		-	-	-	-	-	-	-	-	-	-	-	-	-	-	-	-	-	SHV-28.v1^	-	-	-	-	-	fosA7*?-0%	ST180	2	1	1	34	4	1	64	3	12	4	3	3	35	108	3	10	9	61	-	-	-	-	-	-	-	-	-	-	-	-	-	-	-	-	-	-	-	-	-	-	-	-	-	-	-	-
INF234	16870_8#75	16870_8#75	16870_8_75	ERR1023869	SAMEA3357197		yes	UTI	2013	Gorrie 2019			Klebsiella pneumoniae	strong	90	303117	638693	5511582	no	-	ST134	0	0	0	0	-	0	-	0	-	0	-	0	-	0	-	wzi168	KL25	-	High	98,26%	KL25_09_wfeD	O5	*	High	94,18%		-	-	-	-	-	-	-	-	-	-	-	-	-	-	-	-	-	SHV-60	35Q	-	-	-	-	-	ST134	3	1	2	1	1	1	4	-	-	-	-	-	-	-	-	-	-	-	-	-	-	-	-	-	-	-	-	-	-	-	-	-	-	-	-	-	-	-	-	-	-	-	-	-	-	-
INF238	16870_8#79	16870_8#79	16870_8_79	ERR1035984	SAMEA3357204		yes	Pneumonia	2013	Gorrie 2019			Klebsiella variicola subsp. variicola	strong	38	1141869	2052286	5544653	no	-	ST347	0	0	0	0	-	0	-	0	-	0	-	0	-	0	-	wzi210	KL103	none	Very high	99,96%		O3/O3a	none	Very high	99,34%		-	-	-	-	-	-	-	-	-	-	-	-	-	-	-	-	-	LEN-19	-	-	-	-	-	-	ST347	16	24	21	27	47	22	67	-	-	-	-	-	-	-	-	-	-	-	-	-	-	-	-	-	-	-	-	-	-	-	-	-	-	-	-	-	-	-	-	-	-	-	-	-	-	-
INF162	16870_8#8	16870_8#8	16870_8_8	ERR1035979	SAMEA3357088		yes	UTI	2013	Gorrie 2019			Klebsiella pneumoniae	strong	95	363374	728941	5340367	no	-	ST20	0	0	0	0	-	0	-	0	-	0	-	0	-	0	-	wzi84	KL28	none	Very high	99,17%		O2v2	none	Very high	98,38%		-	-	-	-	-	-	-	-	-	-	-	-	-	-	-	-	-	SHV-187	-	-	-	-	-	-	ST20	2	3	1	1	4	4	4	-	-	-	-	-	-	-	-	-	-	-	-	-	-	-	-	-	-	-	-	-	-	-	-	-	-	-	-	-	-	-	-	-	-	-	-	-	-	-
INF239	16870_8#80	16870_8#80	16870_8_80	ERR1035985	SAMEA3357205		yes	UTI	2013	Gorrie 2019			Klebsiella pneumoniae	strong	70	361516	788249	5102262	no	-	ST564	1	0	0	0	"ybt 9; ICEKp3"	215	-	0	-	0	-	0	-	0	-	wzi28	KL28	none	Perfect	100,00%		O2v1	none	Very high	98,81%		-	-	-	-	-	-	-	-	-	-	-	-	-	-	-	-	-	SHV-11.v1^	35Q	-	-	-	-	-	ST564	2	1	2	1	7	1	14	5	43	6	5	32	107	110	9	5	5	11	-	-	-	-	-	-	-	-	-	-	-	-	-	-	-	-	-	-	-	-	-	-	-	-	-	-	-	-
INF241	16870_8#82	16870_8#82	16870_8_82	ERR1035987	SAMEA3357209		yes	Disseminated	2013	Gorrie 2019			Klebsiella pneumoniae	strong	53	450670	1530889	5425539	no	-	ST3072	1	0	0	0	"ybt 4; plasmid"	65	-	0	-	0	-	0	-	0	-	wzi160	KL39	none	Very high	99,25%		O2v1	none	Very high	98,72%		-	-	-	-	-	-	-	-	-	-	-	-	-	-	-	-	-	SHV-1^	-	-	-	-	-	-	ST3072	4	4	1	97	27	7	4	23	27	30	18	13	65	61	9	18	26	35	-	-	-	-	-	-	-	-	-	-	-	-	-	-	-	-	-	-	-	-	-	-	-	-	-	-	-	-
INF243	16870_8#84	16870_8#84	16870_8_84	ERR1035989	SAMEA3357213		yes	UTI	2013	Gorrie 2019			Klebsiella pneumoniae	strong	99	321165	559696	5486048	no	-	ST3072	0	0	0	0	-	0	-	0	-	0	-	0	-	0	-	wzi160	KL39	none	Very high	99,26%		O2v1	none	Very high	98,72%		-	-	-	-	-	-	-	-	-	-	-	-	-	-	-	-	-	SHV-1^	-	-	-	-	-	-	ST3072	4	4	1	97	27	7	4	-	-	-	-	-	-	-	-	-	-	-	-	-	-	-	-	-	-	-	-	-	-	-	-	-	-	-	-	-	-	-	-	-	-	-	-	-	-	-
INF245	16870_8#85	16870_8#85	16870_8_85	ERR1035990	SAMEA3357215		yes	Pneumonia	2013	Gorrie 2019			Klebsiella variicola subsp. variicola	strong	174	251072	402693	5604316	no	-	ST681	0	0	0	0	-	0	-	0	-	0	-	0	-	0	-	wzi236	KL10	none	Perfect	100,00%		O2v2	*	Very high	96,46%		-	-	-	-	-	-	-	-	-	-	-	-	-	-	-	-	-	LEN-2^	-	-	-	-	-	-	ST681	16	24	60	33	83	40	67	-	-	-	-	-	-	-	-	-	-	-	-	-	-	-	-	-	-	-	-	-	-	-	-	-	-	-	-	-	-	-	-	-	-	-	-	-	-	-
INF246	16870_8#86	16870_8#86	16870_8_86	ERR1035991	SAMEA3357217		yes	UTI	2013	Gorrie 2019			Klebsiella pneumoniae	strong	144	376128	837582	5605270	no	-	ST29	0	1	7	10	-	0	-	0	-	0	-	0	-	0	-	wzi85	KL30	-+*	Good	96,55%	KL30_15_wcuG	O1v2	?-	Good	99,40%	O1/O2v2_08_gmlC,O1/O2v2_09_gmlB	"aac(6')-Ib-cr.v2;strA.v1^;strB.v1"	-	-	qnrB1.v2^	-	-	-	-	sul2	tet(A).v1	-	dfrA14.v1^	"OXA-1;TEM-1D.v1^"	-	CTX-M-15	-	-	SHV-187	-	OmpK36-80%	-	-	CatB4.v1?-81%	-	ST29	2	3	2	2	6	4	4	-	-	-	-	-	-	-	-	-	-	-	-	-	-	-	-	-	-	-	-	-	-	-	-	-	-	-	-	-	-	-	-	-	-	-	-	-	-	-
INF165	16870_8#9	16870_8#9	16870_8_9	ERR1035980	SAMEA3357090		yes	UTI	2013	Gorrie 2019			Klebsiella pneumoniae	strong	185	209454	402338	5634331	no	-	ST54	0	0	0	0	-	0	-	0	-	0	-	0	-	0	-	wzi14	KL14	?-	Good	99,91%	KL14_19_manC	O3b	?-	Good	99,28%	O3b_01_manC	-	-	-	-	-	-	-	-	-	-	-	-	-	-	-	-	-	SHV-11.v1^	35Q	-	-	-	-	-	ST54	2	1	1	13	16	15	4	-	-	-	-	-	-	-	-	-	-	-	-	-	-	-	-	-	-	-	-	-	-	-	-	-	-	-	-	-	-	-	-	-	-	-	-	-	-	-
INF016	18090_3#1	18090_3#1	18090_3_1	ERR1215608	SAMEA3356959		yes	Disseminated	2013	Gorrie 2019			Klebsiella pneumoniae	strong	199	103804	330907	5355919	no	-	ST27	0	0	0	0	-	0	-	0	-	0	-	0	-	0	-	wzi342	KL109	?	Good	99,11%		O2v2	?	Good	98,47%		-	-	-	-	-	-	-	-	-	-	-	-	-	-	-	-	-	SHV-40^	35Q	-	-	-	-	-	ST27	2	1	11	1	9	10	23	-	-	-	-	-	-	-	-	-	-	-	-	-	-	-	-	-	-	-	-	-	-	-	-	-	-	-	-	-	-	-	-	-	-	-	-	-	-	-
KSB1_2C	18090_3#11	18090_3#11	18090_3_11	ERR1215618	SAMEA3357305		No	Rectal swab	2013	Gorrie 2017			Klebsiella variicola subsp. variicola	strong	73	547490	1271693	5679076	no	-	ST3924	0	0	0	0	-	0	-	0	-	0	-	0	-	0	-	wzi269	KL25	-*	High	97,64%	KL25_09_wfeD	O5	none	Very high	99,58%		-	-	-	-	-	-	-	-	-	-	-	-	-	-	-	-	-	LEN-7^	-	-	-	-	-	-	ST3924	16	24	21	40	47	57	67	-	-	-	-	-	-	-	-	-	-	-	-	-	-	-	-	-	-	-	-	-	-	-	-	-	-	-	-	-	-	-	-	-	-	-	-	-	-	-
KSB1_3C	18090_3#12	18090_3#12	18090_3_12	ERR1215619	SAMEA3357306		No	Throat swab	2013	Gorrie 2017			Klebsiella variicola subsp. variicola	strong	89	353852	681147	5637057	no	-	ST3198	0	0	0	0	-	0	-	0	-	0	-	0	-	0	-	-	KL103	?-*	None	87,92%	KL103_12_wzy,KL103_13_wcpL,KL103_14_wcuT,KL103_15_wzx,KL103_17_rmlB,KL103_18_rmlA	OL103	?-+	Good	96,62%	OL103_01_rmlC	-	-	-	-	-	-	-	-	-	-	-	-	-	-	-	-	-	LEN-16^	-	-	-	-	-	-	ST3198	16	18	45	32	339	17	45	-	-	-	-	-	-	-	-	-	-	-	-	-	-	-	-	-	-	-	-	-	-	-	-	-	-	-	-	-	-	-	-	-	-	-	-	-	-	-
KSB1_10D	18090_3#13	18090_3#13	18090_3_13	ERR1215620	SAMEA3357321		No	Throat swab	2013	Gorrie 2017			Klebsiella pneumoniae	strong	119	231057	493717	5395180	no	-	ST1728	0	0	0	0	-	0	-	0	-	0	-	0	-	0	-	wzi180	KL116	?-	Good	99,75%	KL116_17_wcpG	O2v1	none	Very high	98,51%		-	-	-	-	-	-	-	-	-	-	-	-	-	-	-	-	-	SHV-11.v1^	35Q	-	-	-	-	-	ST1728	2	1	20	1	4	5	110	-	-	-	-	-	-	-	-	-	-	-	-	-	-	-	-	-	-	-	-	-	-	-	-	-	-	-	-	-	-	-	-	-	-	-	-	-	-	-
KSB1_1E	18090_3#14	18090_3#14	18090_3_14	ERR1215621	SAMEA3357322		No	Rectal swab	2013	Gorrie 2017			Klebsiella pneumoniae	strong	136	194803	440543	5645954	no	-	ST461	0	0	0	0	-	0	-	0	-	0	-	0	-	0	-	wzi300	KL51	?-	Good	97,49%	KL51_14_wcoZ	O1v1	none	Very high	97,98%		-	-	-	-	-	-	-	-	-	-	-	-	-	-	-	-	-	SHV-1^	-	-	-	-	-	-	ST461	3	1	13	34	63	1	64	-	-	-	-	-	-	-	-	-	-	-	-	-	-	-	-	-	-	-	-	-	-	-	-	-	-	-	-	-	-	-	-	-	-	-	-	-	-	-
KSB2_5D	18090_3#26	18090_3#26	18090_3_26	ERR1215633	SAMEA3357445		No	Rectal swab	2014	Gorrie 2017			Klebsiella variicola subsp. variicola	strong	75	437018	1031200	5516756	no	-	ST1217-3LV	0	0	0	0	-	0	-	0	-	0	-	0	-	0	-	wzi53	KL53	?-	Good	99,68%	KL53_18_manB	O3/O3a	?-	Good	99,36%	O3/O3a_02_manB	-	-	-	-	-	-	-	-	-	-	-	-	-	-	-	-	-	LEN-16^	-	-	-	-	-	-	ST1217-3LV	16	18	21	40	76	22	74*	-	-	-	-	-	-	-	-	-	-	-	-	-	-	-	-	-	-	-	-	-	-	-	-	-	-	-	-	-	-	-	-	-	-	-	-	-	-	-
KSB2_8D	18090_3#27	18090_3#27	18090_3_27	ERR1215634	SAMEA3357451		No	Rectal swab	2014	Gorrie 2018			Klebsiella pneumoniae	strong	122	304524	708311	5534831	no	-	ST643	0	0	0	0	-	0	-	0	-	0	-	0	-	0	-	wzi38	KL38	none	Very high	98,22%		O2v1	none	Very high	98,25%		-	-	-	-	-	-	-	-	-	-	-	-	-	-	-	-	-	SHV-26	-	-	-	-	-	-	ST643	2	3	6	75	9	7	137	-	-	-	-	-	-	-	-	-	-	-	-	-	-	-	-	-	-	-	-	-	-	-	-	-	-	-	-	-	-	-	-	-	-	-	-	-	-	-
INF066	18090_3#3	18090_3#3	18090_3_3	ERR1215610	SAMEA3357056		yes	UTI	2013	Gorrie 2019			Klebsiella pneumoniae	strong	71	358836	632304	5224599	no	-	ST3070	0	0	0	0	-	0	-	0	-	0	-	0	-	0	-	wzi178	KL166	none	Very high	99,27%		O3b	none	Very high	99,22%		-	-	-	-	-	-	-	-	-	-	-	-	-	-	-	-	-	SHV-1	-	-	-	-	-	fosA7*?-0%	ST3070	4	1	20	1	7	11	24	-	-	-	-	-	-	-	-	-	-	-	-	-	-	-	-	-	-	-	-	-	-	-	-	-	-	-	-	-	-	-	-	-	-	-	-	-	-	-
INF137	18090_3#5	18090_3#5	18090_3_5	ERR1215612	SAMEA3357040		yes	UTI	2013	Gorrie 2019			Klebsiella pneumoniae	strong	69	348615	875421	5210836	no	-	ST3047	0	0	0	0	-	0	-	0	-	0	-	0	-	0	-	-	KL168	?	Good	99,99%		O3b	?	Good	99,05%		-	-	-	-	-	-	-	-	-	-	-	-	-	-	-	-	-	SHV-27^	156D	-	-	-	-	-	ST3047	2	1	2	1	10	4	420	-	-	-	-	-	-	-	-	-	-	-	-	-	-	-	-	-	-	-	-	-	-	-	-	-	-	-	-	-	-	-	-	-	-	-	-	-	-	-
INF254	18090_3#7	18090_3#7	18090_3_7	ERR1215614	SAMEA3357232		yes	UTI	2013	Gorrie 2019			Klebsiella pneumoniae	strong	67	308207	672231	5392476	no	-	ST86	4	0	0	0	"ybt 9; ICEKp3"	202-1LV	-	0	iuc 1	8	iro 1	1	"rmp 1; KpVP-1"	26	rmpA2_9*-54%	wzi2	KL2	none	Very high	99,93%		O1v1	none	Very high	98,46%		-	-	-	-	-	-	-	-	-	-	-	-	-	-	-	-	-	SHV-1^	-	-	-	-	-	-	ST86	9	4	2	1	1	1	27	5	19	26	5	1	79	53*-30%	9	5	5	21	-	-	-	-	-	-	-	-	-	-	-	-	-	-	-	1	1	1	1	50	1	1	1	1	2	2	2	-
INF280	18090_3#8	18090_3#8	18090_3_8	ERR1215615	SAMEA3357275		yes	Wound or tissue	2014	Gorrie 2019			Klebsiella pneumoniae	strong	51	520065	1373615	5122389	no	-	ST3055	0	0	0	0	-	0	-	0	-	0	-	0	-	0	-	wzi47	KL47	none	Very high	99,98%		O1v1	none	Very high	98,35%		-	-	-	-	-	-	-	-	-	-	-	-	-	-	-	-	-	SHV-161*	-	-	-	-	-	-	ST3055	2	6	1	3	10	1	34	-	-	-	-	-	-	-	-	-	-	-	-	-	-	-	-	-	-	-	-	-	-	-	-	-	-	-	-	-	-	-	-	-	-	-	-	-	-	-
KSB1_7B	AH0034R_C4PNMANXX_TCCTGAGC-AAGGAGTA_L006	AH0034R_C4PNMANXX_TCCTGAGC-AAGGAGTA_L006	AH0034R_C4PNMANXX_TCCTGAGC-AAGGAGTA_L006	SRR5082468	SAMN06112195	GCA_022049405	No	Rectal swab	2013	Gorrie 2017			Klebsiella pneumoniae	strong	89	321289	1168384	5163882	no	-	ST3178-1LV	0	0	0	0	-	0	-	0	-	0	-	0	-	0	-	wzi261	KL21	?-*	Good	99,05%	KL21_18_manB	OL104	?-*	Good	85,33%	OL104_02_manB	-	-	-	-	-	-	-	-	-	-	-	-	-	-	-	-	-	SHV-119	35Q	-	-	-	-	-	ST3178-1LV	4	6	17	146	20	10	25	-	-	-	-	-	-	-	-	-	-	-	-	-	-	-	-	-	-	-	-	-	-	-	-	-	-	-	-	-	-	-	-	-	-	-	-	-	-	-
KSB1_6B	AH0034T_C4PNMANXX_AGGCAGAA-AAGGAGTA_L006	AH0034T_C4PNMANXX_AGGCAGAA-AAGGAGTA_L006	AH0034T_C4PNMANXX_AGGCAGAA-AAGGAGTA_L006	SRR5082490	SAMN06112196		No	Throat swab	2013	Gorrie 2017			Klebsiella variicola subsp. variicola	strong	75	505499	1149081	6098062	no	-	ST1599	0	0	0	0	-	0	-	0	-	0	-	0	-	0	-	wzi201	KL60	none	Very high	99,03%		O5	none	Very high	99,60%		-	-	-	-	-	-	-	-	-	-	-	-	-	-	-	-	-	LEN-16^	-	-	-	-	-	-	ST1599	99	18	45	44	55	22	67	-	-	-	-	-	-	-	-	-	-	-	-	-	-	-	-	-	-	-	-	-	-	-	-	-	-	-	-	-	-	-	-	-	-	-	-	-	-	-
INF143	AUSMDU00003494_S13_L001	AUSMDU00003494_S13_L001	AUSMDU00003494_S13_L001	SRR5082458	SAMN06112219	GCA_022049565	yes	UTI	2013	Gorrie 2019			Klebsiella pneumoniae	strong	64	354922	863415	5410040	no	-	ST280	1	0	0	0	"ybt 14; ICEKp5"	327	-	0	-	0	-	0	-	0	-	wzi82	KL23	none	Perfect	100,00%		O2v2	?	Good	98,45%		-	-	-	-	-	-	-	-	-	-	-	-	-	-	-	-	-	SHV-27	156D	-	-	-	-	fosA7*?-0%	ST280	2	1	2	1	10	4	46	4	4	31	4	1	114	25	2	4	4	2	-	-	-	-	-	-	-	-	-	-	-	-	-	-	-	-	-	-	-	-	-	-	-	-	-	-	-	-
INF244	AUSMDU00003497_S4_L001	AUSMDU00003497_S4_L001	AUSMDU00003497_S4_L001	SRR5082455	SAMN06112220		yes	UTI	2013	Gorrie 2019			Klebsiella variicola subsp. variicola	strong	175	164469	498575	5569135	no	-	ST681	0	0	0	0	-	0	-	0	-	0	-	0	-	0	-	wzi236	KL10	none	Perfect	100,00%		O2v2	*	Very high	96,46%		-	-	-	-	-	-	-	-	-	-	-	-	-	-	-	-	-	LEN-2^	-	-	-	-	-	-	ST681	16	24	60	33	83	40	67	-	-	-	-	-	-	-	-	-	-	-	-	-	-	-	-	-	-	-	-	-	-	-	-	-	-	-	-	-	-	-	-	-	-	-	-	-	-	-
INF275	AUSMDU00003500_S10_L001	AUSMDU00003500_S10_L001	AUSMDU00003500_S10_L001	SRR5082447	SAMN06112221	GCA_022049665	yes	Pneumonia	2014	Gorrie 2019			Klebsiella pneumoniae	strong	99	304822	570801	5297482	no	-	ST1464	0	0	0	0	-	0	-	0	-	0	-	0	-	0	-	wzi211	KL109	?-	None	97,53%	KL109_10,KL109_11,KL109_12,KL109_13,KL109_16,KL109_17_gnd,KL109_18_rmlB,KL109_21	OL101	?-	Good	91,98%	OL101_01_rfbB,OL101_04_rfbC,OL101_09_glycosylhydrolase	-	-	-	-	-	-	-	-	-	-	-	-	-	-	-	-	-	SHV-11.v1^	35Q	-	-	-	-	-	ST1464	2	1	1	1	189	50	23	-	-	-	-	-	-	-	-	-	-	-	-	-	-	-	-	-	-	-	-	-	-	-	-	-	-	-	-	-	-	-	-	-	-	-	-	-	-	-
INF293	AUSMDU00003502_S14_L001	AUSMDU00003502_S14_L001	AUSMDU00003502_S14_L001	SRR5082445	SAMN06112223	GCA_022049705	yes	UTI	2014	Gorrie 2019			Klebsiella pneumoniae	strong	150	229166	459113	5544270	no	-	ST3040	0	0	0	0	-	0	-	0	-	0	-	0	-	0	-	wzi281	KL38	?-	Good	99,67%	KL38_08_wzy	O3b	none	Very high	99,14%		-	-	-	-	-	-	-	-	-	-	-	-	-	-	-	-	-	SHV-36^	35Q	-	-	-	-	-	ST3040	2	1	1	1	7	4	61	-	-	-	-	-	-	-	-	-	-	-	-	-	-	-	-	-	-	-	-	-	-	-	-	-	-	-	-	-	-	-	-	-	-	-	-	-	-	-
INF311	AUSMDU00003505_S35_L999	AUSMDU00003505_S35_L999	AUSMDU00003505_S35_L999	SRR5082461	SAMN06112225	GCA_022049485	yes	Pneumonia	2014	Gorrie 2019			Klebsiella pneumoniae	strong	220	124857	344780	5633935	no	-	ST240	0	0	0	0	-	0	-	0	-	0	-	0	-	0	-	wzi439	KL107	?-+*	None	83,17%	KL107_05_wzb,KL107_06_wzc,KL107_07_wbaP,KL107_08,KL107_09,KL107_10	O1v1	?-	Good	93,98%	O1/O2v1_07_kfoC	-	-	-	-	-	-	-	-	-	-	-	-	-	-	-	-	-	SHV-36	35Q	-	-	-	-	-	ST240	2	1	1	1	17	1	18	-	-	-	-	-	-	-	-	-	-	-	-	-	-	-	-	-	-	-	-	-	-	-	-	-	-	-	-	-	-	-	-	-	-	-	-	-	-	-
INF312	AUSMDU00003506_S45_L999	AUSMDU00003506_S45_L999	AUSMDU00003506_S45_L999	SRR5082449	SAMN06112226		yes	Disseminated	2014	Gorrie 2019			Klebsiella variicola subsp. variicola	strong	103	286477	503586	5798531	no	-	ST2989	0	0	3	6	-	0	-	0	-	0	-	0	-	0	-	wzi61	KL55	?-	Good	99,73%	KL55_07_wcaA	O3/O3a	none	Very high	99,31%		"aph3-Ia.v1^;strA.v1^;strB.v1"	-	-	-	-	-	-	-	"sul1;sul2*"	-	-	dfrA5	-	-	-	-	-	LEN-2^	-	-	-	-	-	-	ST2989	16	58	30	38	229	22	45	-	-	-	-	-	-	-	-	-	-	-	-	-	-	-	-	-	-	-	-	-	-	-	-	-	-	-	-	-	-	-	-	-	-	-	-	-	-	-
INF326	AUSMDU00003507_S55_L999	AUSMDU00003507_S55_L999	AUSMDU00003507_S55_L999	SRR5082453	SAMN06112227	GCA_022049605	yes	Wound or tissue	2014	Gorrie 2019			Klebsiella pneumoniae	strong	94	303785	610001	5396885	no	-	ST412	0	0	0	0	-	0	-	0	-	0	-	0	-	0	-	wzi206	KL57	?-	None	99,99%	KL57_10_wckW,KL57_11_wzy,KL57_12	O3b	none	Very high	99,33%		-	-	-	-	-	-	-	-	-	-	-	-	-	-	-	-	-	SHV-1	-	-	-	-	-	-	ST412	2	1	2	1	9	1	112	-	-	-	-	-	-	-	-	-	-	-	-	-	-	-	-	-	-	-	-	-	-	-	-	-	-	-	-	-	-	-	-	-	-	-	-	-	-	-
INF339	AUSMDU00003509_S75_L999	AUSMDU00003509_S75_L999	AUSMDU00003509_S75_L999	SRR5082465	SAMN06112229	GCA_022049465	yes	Wound or tissue	2014	Gorrie 2019			Klebsiella pneumoniae	strong	144	144863	453074	5593754	no	-	ST792	2	0	0	0	"ybt 17; ICEKp10"	281	clb 3	15	-	0	-	0	-	0	-	wzi25	KL25	?-	None	100,00%	KL25_08_wzy,KL25_09_wfeD,KL25_10,KL25_11_wcuB,KL25_12_wzx	O3/O3a	none	Very high	98,57%		-	-	-	-	-	-	-	-	-	-	-	-	-	-	-	-	-	SHV-1*	-	-	-	-	-	-	ST792	2	7	1	26	1	4	4	6	15	5	4	11	78	26	2	11	4	2	2	10	2	2	2	2	2	3	2	2	2	2	6	2	2	-	-	-	-	-	-	-	-	-	-	-	-	-
INF255	KC0205_C4PNMANXX_GTAGAGGA-GTAAGGAG_L006	KC0205_C4PNMANXX_GTAGAGGA-GTAAGGAG_L006	KC0205_C4PNMANXX_GTAGAGGA-GTAAGGAG_L006	SRR5082485	SAMN06112230		yes	Wound or tissue	2013	Gorrie 2019			Klebsiella variicola subsp. variicola	strong	188	205235	373216	5585774	no	-	ST681	0	0	0	0	-	0	-	0	-	0	-	0	-	0	-	wzi236	KL10	none	Perfect	100,00%		O2v2	*	Very high	96,46%		-	-	-	-	-	-	-	-	-	-	-	-	-	-	-	-	-	LEN-2^	-	-	-	-	-	-	ST681	16	24	60	33	83	40	67	-	-	-	-	-	-	-	-	-	-	-	-	-	-	-	-	-	-	-	-	-	-	-	-	-	-	-	-	-	-	-	-	-	-	-	-	-	-	-
INF332	KC0278_C4PNMANXX_GTAGAGGA-ACTGCATA_L006	KC0278_C4PNMANXX_GTAGAGGA-ACTGCATA_L006	KC0278_C4PNMANXX_GTAGAGGA-ACTGCATA_L006	SRR5082464	SAMN06112231	GCA_022049525	yes	UTI	2014	Gorrie 2019			Klebsiella pneumoniae	strong	167	249202	782373	5592849	no	-	ST29	0	1	7	10	-	0	-	0	-	0	-	0	-	0	-	wzi85	KL30	-+*	Good	96,54%	KL30_15_wcuG	O1v2	?-	Good	99,40%	O1/O2v2_08_gmlC,O1/O2v2_09_gmlB	"aac(6')-Ib-cr.v2;strA.v1^;strB.v1"	-	-	qnrB1.v2^	-	-	-	-	sul2	tet(A).v1	-	dfrA14.v1^	"OXA-1;TEM-1D.v1^"	-	CTX-M-15	-	-	SHV-187	-	-	-	-	CatB4.v1?-81%	-	ST29	2	3	2	2	6	4	4	-	-	-	-	-	-	-	-	-	-	-	-	-	-	-	-	-	-	-	-	-	-	-	-	-	-	-	-	-	-	-	-	-	-	-	-	-	-	-
INF007	16870_7#29	Klebsiella_pneumoniae_INF007	Klebsiella_pneumoniae_INF007	ERR1023743	SAMEA3356951	GCA_904859915	yes	UTI	2013	Gorrie 2019	complete		Klebsiella pneumoniae	strong	3	5243469	5243469	5589841	no	-	ST1449	1	0	0	0	"ybt 4; plasmid"	116	-	0	-	0	-	0	-	0	-	wzi154	KL107	none	Very high	99,97%		O2v2	none	Very high	98,38%		-	-	-	-	-	-	-	-	-	-	-	-	-	-	-	-	-	SHV-11.v1^	35Q	-	-	-	-	fosA7*?-0%	ST1449	7	1	65	1	9	4	18	30	34	37	37	23	73-5%	87	25	23	45	49	-	-	-	-	-	-	-	-	-	-	-	-	-	-	-	-	-	-	-	-	-	-	-	-	-	-	-	-
INF008	16870_7#30	Klebsiella_pneumoniae_INF008	Klebsiella_pneumoniae_INF008	ERR1023744	SAMEA3356952	GCA_904863205	yes	UTI	2013	Gorrie 2019	complete		Klebsiella pneumoniae	strong	2	5325686	5325686	5562809	no	-	ST221	0	1	8	11	-	0	-	0	-	0	-	0	-	0	-	wzi39	KL39	none	Perfect	100,00%		O3b	none	Very high	99,17%		"aac(6')-Ib-cr.v2;strA.v1^;strB.v1"	-	-	qnrB1.v2^	-	-	CatB4.v1	-	sul2	tet(A).v1	-	dfrA14.v1^	"OXA-1;TEM-1D.v1^"	-	CTX-M-15	-	-	SHV-11.v1^	35Q	-	-	-	-	-	ST221	2	5	1	6	9	1	10	-	-	-	-	-	-	-	-	-	-	-	-	-	-	-	-	-	-	-	-	-	-	-	-	-	-	-	-	-	-	-	-	-	-	-	-	-	-	-
INF014	16870_7#35	Klebsiella_pneumoniae_INF014	Klebsiella_pneumoniae_INF014	ERR1023749	SAMEA3356957	GCA_003432225	yes	UTI	2013	Gorrie 2019	complete		Klebsiella pneumoniae	strong	4	5348492	5348492	5523973	no	-	ST25	1	0	4	6	"ybt 6; ICEKp5"	63-1LV	-	0	-	0	-	0	-	0	-	wzi72	KL2	none	Very high	98,41%		O1v2	none	Very high	99,19%		"aph3-Ia.v1*?;strA.v1^;strB.v1"	-	-	-	-	-	-	-	sul2	-	-	dfrA14.v1^	TEM-1D.v1^	-	-	-	-	SHV-11.v1^	35Q	-	-	-	sul1?-0%	-	ST25	2	1	1	1	10	4	13	22	22	6	24	16	53*-85%	51	9	17	5	30	-	-	-	-	-	-	-	-	-	-	-	-	-	-	-	-	-	-	-	-	-	-	-	-	-	-	-	-
INF018	16870_7#39	Klebsiella_pneumoniae_INF018	Klebsiella_pneumoniae_INF018	ERR1023751	SAMEA3356961	GCA_904865825	yes	UTI	2013	Gorrie 2019	complete		Klebsiella pneumoniae	strong	7	5231789	5231789	5251512	no	-	ST323	0	0	0	0	-	0	-	0	-	0	-	0	-	0	-	wzi262	KL21	none	Very high	100,00%		O3b	-	Good	99,16%	O3b_07_wbdB,O3b_08_wbdC	-	-	-	-	-	-	-	-	-	-	-	-	-	-	-	-	-	SHV-1^	-	-	-	-	fosA7*-15%	-	ST323	2	1	1	1	9	1	93	-	-	-	-	-	-	-	-	-	-	-	-	-	-	-	-	-	-	-	-	-	-	-	-	-	-	-	-	-	-	-	-	-	-	-	-	-	-	-
INF032	16870_7#53	Klebsiella_pneumoniae_INF032	Klebsiella_pneumoniae_INF032	ERR1023765	SAMEA3356991	GCA_026256465	yes	UTI	2013	Gorrie 2019	complete		Klebsiella pneumoniae	strong	1	5111537	5111537	5111537	no	-	ST200	0	0	0	0	-	0	-	0	-	0	-	0	-	0	-	wzi360	KL122	none	Perfect	100,00%		O2v2	none	Very high	98,53%		-	-	-	-	-	-	-	-	-	-	-	-	-	-	-	-	-	SHV-1^	-	-	-	-	-	-	ST200	2	1	2	1	12	1	68	-	-	-	-	-	-	-	-	-	-	-	-	-	-	-	-	-	-	-	-	-	-	-	-	-	-	-	-	-	-	-	-	-	-	-	-	-	-	-
INF042	16870_7#63	Klebsiella_pneumoniae_INF042	Klebsiella_pneumoniae_INF042	ERR1023775	SAMEA3357010	GCA_002752995	yes	UTI	2013	Gorrie 2019	complete		Klebsiella pneumoniae	strong	3	5337491	5337491	5519452	no	-	ST37	1	0	0	0	"ybt 10; ICEKp4"	121	-	0	-	0	-	0	-	0	-	wzi14	KL14	none	Very high	99,98%		O3b	none	Very high	99,15%		-	-	-	-	-	-	-	-	-	-	-	-	-	-	-	-	-	SHV-11.v1^	35Q	-	-	-	-	-	ST37	2	9	2	1	13	1	16	32	12	39	39	25	91	90	27	25	46	2	-	-	-	-	-	-	-	-	-	-	-	-	-	-	-	-	-	-	-	-	-	-	-	-	-	-	-	-
INF044	16870_7#65	Klebsiella_pneumoniae_INF044	Klebsiella_pneumoniae_INF044	ERR1023777	SAMEA3357013	GCA_904864605	yes	UTI	2013	Gorrie 2019	complete		Klebsiella pneumoniae	strong	4	5293781	5293781	5528965	no	-	ST437	0	1	8	10	-	0	-	0	-	0	-	0	-	0	-	wzi109	KL36	none	Very high	99,89%		O4	none	Very high	99,73%		"aac(6')-Ib-cr.v2;aph3-Ia.v1^"	-	-	-	-	mphA	"CatB4.v1;catA1^"	-	sul1	tet(D)	-	-	"OXA-1;TEM-1D.v1^"	-	CTX-M-15	-	-	SHV-11.v1	35Q	-	-	"GyrA-83I;ParC-80I"	-	-	ST437	3	3	1	1	1	1	31	-	-	-	-	-	-	-	-	-	-	-	-	-	-	-	-	-	-	-	-	-	-	-	-	-	-	-	-	-	-	-	-	-	-	-	-	-	-	-
INF049	16870_7#70	Klebsiella_pneumoniae_INF049	Klebsiella_pneumoniae_INF049	ERR1023782	SAMEA3357023	GCA_904863365	yes	UTI	2013	Gorrie 2019	complete		Klebsiella pneumoniae	strong	9	5225165	5225165	5633847	no	-	ST20	0	0	0	0	-	0	-	0	-	0	-	0	-	0	-	wzi33	KL64	none	Very high	99,85%		O1v1	-	High	99,42%	O1/O2v1_06_wbbO	-	-	-	-	-	-	-	-	-	-	-	-	-	-	-	-	-	SHV-187	-	-	-	-	-	-	ST20	2	3	1	1	4	4	4	-	-	-	-	-	-	-	-	-	-	-	-	-	-	-	-	-	-	-	-	-	-	-	-	-	-	-	-	-	-	-	-	-	-	-	-	-	-	-
INF061	AUSMDU00003493_S11_L001	Klebsiella_pneumoniae_INF061	 Klebsiella_pneumoniae_INF061	SRR5082459	SAMN06112218	GCA_026168415	yes	Pneumonia	2013	Gorrie 2019	complete		Klebsiella pneumoniae	strong	4	5257511	5257511	5540203	no	-	ST15	0	1	9	17	-	0	-	0	-	0	-	0	-	0	-	wzi24	KL24	-	High	99,98%	KL24_08_wcuC,KL24_09_wcuV	O1v1	-	High	98,52%	O1/O2v1_02_wzt,O1/O2v1_06_wbbO	"aac(6')-Ib-cr.v2^;aadA5;strA.v1;strB.v1"	-	-	qnrB2.v1^	-	"mphA;mphA?"	catB3.v2	arr-3	"sul1;sul1;sul1"	-	-	dfrA17	OXA-1	-	"CTX-M-62.v2;SHV-2A^;SHV-2A^"	-	-	SHV-28.v1^	"238S;238S;35Q;35Q"	-	-	GyrA-83Y	-	-	ST15	1	1	1	1	1	1	1	-	-	-	-	-	-	-	-	-	-	-	-	-	-	-	-	-	-	-	-	-	-	-	-	-	-	-	-	-	-	-	-	-	-	-	-	-	-	-
INF065	16870_7#84	Klebsiella_pneumoniae_INF065	Klebsiella_pneumoniae_INF065	ERR1023796	SAMEA3357053	GCA_904866425	yes	UTI	2013	Gorrie 2019	complete		Klebsiella pneumoniae	strong	4	5318175	5318175	5565136	no	-	ST2998	1	0	0	0	"ybt 4; plasmid"	65	-	0	-	0	-	0	-	0	-	wzi193	KL125	*	High	90,28%		O3b	none	Very high	99,36%		-	-	-	-	-	-	-	-	-	-	-	-	-	-	-	-	-	SHV-27	156D	-	-	-	-	-	ST2998	2	1	218	1	7	8	24	23	27	30	18	13	65	61	9	18	26	35	-	-	-	-	-	-	-	-	-	-	-	-	-	-	-	-	-	-	-	-	-	-	-	-	-	-	-	-
INF072	16703_5#5	Klebsiella_pneumoniae_INF072	Klebsiella_pneumoniae_INF072	ERR1008631	SAMEA3357068	GCA_904863145	yes	Pneumonia	2013	Gorrie 2019	complete		Klebsiella pneumoniae	strong	4	5362699	5362699	5610430	no	-	ST133	0	0	0	0	-	0	-	0	-	0	-	0	-	0	-	wzi180	KL116	-	High	99,97%	KL116_17_wcpG	O1v1	none	Very high	98,64%		-	-	-	-	-	-	-	-	-	-	-	-	-	-	-	-	-	SHV-75	-	-	-	-	-	-	ST133	12	1	1	2	5	1	36	-	-	-	-	-	-	-	-	-	-	-	-	-	-	-	-	-	-	-	-	-	-	-	-	-	-	-	-	-	-	-	-	-	-	-	-	-	-	-
INF078	16703_5#11	Klebsiella_pneumoniae_INF078	Klebsiella_pneumoniae_INF078	ERR1008637	SAMEA3357079	GCA_003660185	yes	UTI	2013	Gorrie 2019	complete		Klebsiella pneumoniae	strong	2	5295441	5295441	5695354	no	-	ST105	1	0	0	0	"ybt 15; ICEKp11"	238	-	0	-	0	iro 4	33-1LV	-	0	-	wzi383	KL102	none	Very high	99,25%		O2v2	-	High	98,45%	O1/O2v2_06_wbbO	-	-	-	-	-	-	-	-	-	-	-	-	-	-	-	-	-	SHV-1^	-	-	-	-	-	-	ST105	2	3	2	1	1	4	18	6	15	29	28	1	57-56%	60	2	1	25	26	-	-	-	-	-	-	-	-	-	-	-	-	-	-	-	-	-	-	-	-	22*	33-4%	12	15	-	-	-	-
INF079	16703_5#12	Klebsiella_pneumoniae_INF079	Klebsiella_pneumoniae_INF079	ERR1008638	SAMEA3357081	GCA_026256445	yes	UTI	2013	Gorrie 2019	complete		Klebsiella pneumoniae	strong	2	5407002	5407002	5640934	no	-	ST23	5	0	0	0	"ybt 1; ICEKp10"	47	clb 2	29	iuc 1	1	iro 1	2	"rmp 1; KpVP-1"	26	rmpA2_6*-47%	wzi1	KL1	none	Very high	99,99%		O1v2	none	Very high	99,12%		-	-	-	-	-	-	-	-	-	-	-	-	-	-	-	-	-	SHV-11.v1^	35Q	-	-	-	-	-	ST23	2	1	1	1	9	4	12	2	2	2	2	2	6	6	2	2	2	2	2	2	2	2	2	2	2	3	2	2	2	2	2	2	2	1	1	1	1	1	1	4	1	1	2	2	2	-
INF102	16703_5#35	Klebsiella_pneumoniae_INF102	Klebsiella_pneumoniae_INF102	ERR1008661	SAMEA3356970	GCA_026256425	yes	UTI	2013	Gorrie 2019	complete		Klebsiella pneumoniae	strong	9	5232790	5232790	5646982	no	-	ST27	0	0	0	0	-	0	-	0	-	0	-	0	-	0	-	wzi186	KL2	-	High	98,73%	KL2_13	O2v2	none	Very high	99,49%		-	-	-	-	-	-	-	-	-	-	-	-	-	-	-	-	-	SHV-40	35Q	-	-	-	-	-	ST27	2	1	11	1	9	10	23	-	-	-	-	-	-	-	-	-	-	-	-	-	-	-	-	-	-	-	-	-	-	-	-	-	-	-	-	-	-	-	-	-	-	-	-	-	-	-
INF116	16703_5#49	Klebsiella_pneumoniae_INF116	Klebsiella_pneumoniae_INF116	ERR1008675	SAMEA3356997	GCA_003432245	yes	UTI	2013	Gorrie 2019	complete		Klebsiella pneumoniae	strong	3	5270163	5270163	5465612	no	-	ST36	1	0	0	0	"ybt 9; ICEKp3"	214	-	0	-	0	-	0	-	0	-	wzi378	KL142	none	Very high	98,88%		O2v1	none	Very high	98,83%		-	-	-	-	-	-	-	-	-	-	-	-	-	-	-	-	-	SHV-11.v1^	35Q	-	-	-	-	-	ST36	2	1	2	1	7	1	7	5	28	6	5	1	25	37	9	5	5	11	-	-	-	-	-	-	-	-	-	-	-	-	-	-	-	-	-	-	-	-	-	-	-	-	-	-	-	-
INF119	16703_5#52	Klebsiella_pneumoniae_INF119	Klebsiella_pneumoniae_INF119	ERR1008678	SAMEA3357003	GCA_026256405	yes	UTI	2013	Gorrie 2019	complete		Klebsiella pneumoniae	strong	2	5181281	5181281	5414724	no	-	ST17	1	0	0	0	"ybt 5; ICEKp6"	6	-	0	-	0	-	0	-	0	-	wzi82	KL38	none	Very high	98,98%		O2v2	none	Very high	98,45%		-	-	-	-	-	-	-	-	-	-	-	-	-	-	-	-	-	SHV-11.v1^	35Q	-	-	-	-	-	ST17	2	1	1	1	4	4	4	10	8	10	29	18	68	66	7	8	5	37	-	-	-	-	-	-	-	-	-	-	-	-	-	-	-	-	-	-	-	-	-	-	-	-	-	-	-	-
INF122	16703_5#55	Klebsiella_pneumoniae_INF122	Klebsiella_pneumoniae_INF122	ERR1008681	SAMEA3357009	GCA_904866235	yes	UTI	2013	Gorrie 2019	complete		Klebsiella pneumoniae	strong	3	5367150	5367150	5445934	no	-	ST29	0	0	0	0	-	0	-	0	-	0	-	0	-	0	-	wzi85	KL30	-+*	Good	96,55%	KL30_15_wcuG	O1v2	-	High	99,40%	O1/O2v2_08_gmlC,O1/O2v2_09_gmlB	-	-	-	-	-	-	-	-	-	-	-	-	-	-	-	-	-	SHV-187	-	-	-	-	-	-	ST29	2	3	2	2	6	4	4	-	-	-	-	-	-	-	-	-	-	-	-	-	-	-	-	-	-	-	-	-	-	-	-	-	-	-	-	-	-	-	-	-	-	-	-	-	-	-
INF134	16703_5#67	Klebsiella_pneumoniae_INF134	Klebsiella_pneumoniae_INF134	ERR1008693	SAMEA3357035	GCA_026154285	yes	Disseminated	2013	Gorrie 2019	complete		Klebsiella pneumoniae	strong	1	5310922	5310922	5310922	no	-	ST20	1	0	0	0	"ybt 14; ICEKp5"	136	-	0	-	0	-	0	-	0	-	wzi84	KL28	-	High	99,17%	KL28_07_wckC	O1v1	-	None	98,38%	O1/O2v1_04_glf,O1/O2v1_05_wbbN,O1/O2v1_06_wbbO,O1/O2v1_07_kfoC	-	-	-	-	-	-	-	-	-	-	-	-	-	-	-	-	-	SHV-187	-	-	-	-	-	-	ST20	2	3	1	1	4	4	4	4	4	18	4	1	27	25	2	4	28	2	-	-	-	-	-	-	-	-	-	-	-	-	-	-	-	-	-	-	-	-	-	-	-	-	-	-	-	-
INF142	16703_5#75	Klebsiella_pneumoniae_INF142	Klebsiella_pneumoniae_INF142	ERR1008700	SAMEA3357050	GCA_904865785	yes	UTI	2013	Gorrie 2019	complete		Klebsiella pneumoniae	strong	7	5297128	5297128	5740875	no	-	ST340	1	1	8	19	"ybt 16; ICEKp12"	277	-	0	-	0	-	0	-	0	-	wzi50	KL15	none	Very high	100,00%		O4	*	Very high	99,65%		"aac(3)-IIa.v1^;aac(6')-Ib-cr.v2;aadA2;aadA2^;strA.v1^;strB.v1"	-	-	qnrB1.v2^	-	-	CatB4.v1	-	"sul1;sul1;sul2"	tet(A).v1	-	dfrA12	"OXA-1;TEM-1D.v1^;TEM-1D.v1^;TEM-1D.v1^"	-	"CTX-M-15;CTX-M-15"	-	-	SHV-11.v1	35Q	-	-	"GyrA-83I;ParC-80I"	-	"dfrA14.v1?-0%;dfrA14.v2*?-48%"	ST340	3	3	1	1	1	1	18	6	15	5	4	11	33	23	2	11	4	2	-	-	-	-	-	-	-	-	-	-	-	-	-	-	-	-	-	-	-	-	-	-	-	-	-	-	-	-
INF144	16703_5#76	Klebsiella_pneumoniae_INF144	Klebsiella_pneumoniae_INF144	ERR1008701	SAMEA3357052	GCA_904865805	yes	Disseminated	2013	Gorrie 2019	complete		Klebsiella pneumoniae	strong	2	5249355	5249355	5435996	no	-	ST111	0	0	0	0	-	0	-	0	-	0	-	0	-	0	-	wzi63	KL63	none	Very high	99,36%		O1v2	none	Very high	99,28%		-	-	-	-	-	-	-	-	-	-	-	-	-	-	-	-	-	SHV-11.v1^	35Q	-	-	-	-	-	ST111	2	1	5	1	17	4	42	-	-	-	-	-	-	-	-	-	-	-	-	-	-	-	-	-	-	-	-	-	-	-	-	-	-	-	-	-	-	-	-	-	-	-	-	-	-	-
INF145	16703_5#77	Klebsiella_pneumoniae_INF145	Klebsiella_pneumoniae_INF145	ERR1008702	SAMEA3357054	GCA_904866205	yes	Disseminated	2013	Gorrie 2019	complete		Klebsiella pneumoniae	strong	4	5267448	5267448	5404716	no	-	ST35	0	0	0	0	-	0	-	0	-	0	-	0	-	0	-	wzi84	KL28	none	Very high	99,44%		O1/O2v2	none	Very high	98,28%		-	-	-	-	-	-	-	-	-	-	-	-	-	-	-	-	-	SHV-33	-	-	-	-	-	-	ST35	2	1	2	1	10	1	19	-	-	-	-	-	-	-	-	-	-	-	-	-	-	-	-	-	-	-	-	-	-	-	-	-	-	-	-	-	-	-	-	-	-	-	-	-	-	-
INF148	16703_5#80	Klebsiella_pneumoniae_INF148	Klebsiella_pneumoniae_INF148	ERR1008705	SAMEA3357060	GCA_904863355	yes	UTI	2013	Gorrie 2019	complete		Klebsiella pneumoniae	strong	3	5460439	5460439	5467726	no	-	ST323	0	1	7	7	-	0	-	0	-	0	-	0	-	0	-	wzi262	KL21	none	Very high	100,00%		O3b	none	Very high	99,19%		aac(6')-Ib-cr.v2	-	-	qnrB1.v2^	-	-	CatB4.v1	-	-	tet(A).v1	-	dfrA14.v1^	OXA-1	-	CTX-M-15	-	-	SHV-1^	-	-	-	-	fosA7*-15%	-	ST323	2	1	1	1	9	1	93	-	-	-	-	-	-	-	-	-	-	-	-	-	-	-	-	-	-	-	-	-	-	-	-	-	-	-	-	-	-	-	-	-	-	-	-	-	-	-
INF151	16703_5#83	Klebsiella_pneumoniae_INF151	Klebsiella_pneumoniae_INF151	ERR1008708	SAMEA3357066	GCA_014218685	yes	Pneumonia	2013	Gorrie 2019	complete		Klebsiella pneumoniae	strong	9	5369222	5369222	5750860	no	-	ST93 (subsp. ozaenae)	4	0	0	0	"ybt 10; ICEKp4"	103	-	0	iuc 2A	4	-	0	"rmp 2A; VP"	1	-	wzi127	KL4	?-+	Good	99,00%	KL4_04_HG290,KL4_20_wza,KL4_23_wcaJ	O2v1	none	Very high	98,42%		-	-	-	-	-	-	-	-	-	-	-	-	-	-	-	-	-	SHV-11.v1^	35Q	-	-	-	-	-	ST93	10	11	1	9	12	4	9	3	29	32	3	20	72	70	3	10	29	38	-	-	-	-	-	-	-	-	-	-	-	-	-	-	-	5	4	3	11	6	-	-	-	-	41-54%	20	10-77%	"iroN_8*-0%;rmpA_48*-0%"
INF156	16870_8#2	Klebsiella_pneumoniae_INF156	Klebsiella_pneumoniae_INF156	ERR1023799	SAMEA3357075	GCA_026256385	yes	Disseminated	2013	Gorrie 2019	complete		Klebsiella pneumoniae	strong	2	5156999	5156999	5325147	no	-	ST661	0	0	0	0	-	0	-	0	-	0	-	0	-	0	-	wzi373	KL140	none	Perfect	100,00%		O2v2	none	Very high	98,44%		-	-	-	-	-	-	-	-	-	-	-	-	-	-	-	-	-	SHV-27	156D	-	-	-	-	-	ST661	4	3	1	36	9	10	14	-	-	-	-	-	-	-	-	-	-	-	-	-	-	-	-	-	-	-	-	-	-	-	-	-	-	-	-	-	-	-	-	-	-	-	-	-	-	-
INF157	16870_8#3	Klebsiella_pneumoniae_INF157	Klebsiella_pneumoniae_INF157	ERR1023800	SAMEA3357077	GCA_002753075	yes	Disseminated	2013	Gorrie 2019	complete		Klebsiella pneumoniae	strong	7	5297108	5297108	5768986	no	-	ST340	1	2	9	22	"ybt 16; ICEKp12"	277	-	0	-	0	-	0	-	0	-	wzi50	KL15	none	Very high	99,90%		O4	*	Very high	99,65%		"aac(3)-IIa.v1^;aac(3)-IId^;aac(6')-Ib-cr.v2;aac(6')-Ib4;aadA2;strA.v1^;strB.v1"	-	-	qnrB1.v2^	-	mphA	"CatB4.v1;catB3.v2"	-	"sul1;sul1;sul1;sul2"	tet(A).v1	-	-	"OXA-1;TEM-1D.v1^;TEM-1D.v1^"	-	"CTX-M-15;CTX-M-15"	-	IMP-4	SHV-11.v1	35Q	-	-	"GyrA-83I;ParC-80I"	-	"dfrA14.v1?-0%;dfrA14.v2*?-48%"	ST340	3	3	1	1	1	1	18	6	15	5	4	11	33	23	2	11	4	2	-	-	-	-	-	-	-	-	-	-	-	-	-	-	-	-	-	-	-	-	-	-	-	-	-	-	-	-
INF161	16870_8#7	Klebsiella_pneumoniae_INF161	Klebsiella_pneumoniae_INF161	ERR1023804	SAMEA3357086	GCA_026256365	yes	UTI	2013	Gorrie 2019	complete		Klebsiella pneumoniae	strong	3	5185430	5185430	5377865	no	-	ST661	0	1	1	1	-	0	-	0	-	0	-	0	-	0	-	wzi84	KL28	none	Very high	99,46%		O2v1	none	Very high	98,86%		-	-	-	-	-	-	-	-	-	-	-	-	-	-	CTX-M-14	-	-	SHV-27	156D	-	-	-	-	-	ST661	4	3	1	36	9	10	14	-	-	-	-	-	-	-	-	-	-	-	-	-	-	-	-	-	-	-	-	-	-	-	-	-	-	-	-	-	-	-	-	-	-	-	-	-	-	-
INF163	KC0221_C4PNMANXX_TAAGGCGA-ACTGCATA_L006	Klebsiella_pneumoniae_INF163	Klebsiella_pneumoniae_INF163	SRR5665579	SAMN07211279	GCA_002753405	yes	UTI	2013	Gorrie 2019	complete		Klebsiella pneumoniae	strong	7	5298228	5298228	5736111	no	-	ST340	1	1	8	18	"ybt 16; ICEKp12"	277	-	0	-	0	-	0	-	0	-	wzi50	KL15	-*	High	99,73%	KL15_10_wcsR,KL15_12_wzy,KL15_13_wckI	O4	*	Very high	99,65%		"aac(3)-IIa.v1^;aac(6')-Ib-cr.v2;aadA2;aadA2^;strA.v1^;strB.v1"	-	-	qnrB1.v2^	-	-	CatB4.v1	-	"sul1;sul1;sul2"	tet(A).v1	-	dfrA12	"OXA-1;TEM-1D.v1^;TEM-1D.v1^"	-	"CTX-M-15;CTX-M-15"	-	-	SHV-11.v1	35Q	-	-	"GyrA-83I;ParC-80I"	-	"dfrA14.v1?-0%;dfrA14.v2*?-48%"	ST340	3	3	1	1	1	1	18	6	15	5	4	11	33	23	2	11	4	2	-	-	-	-	-	-	-	-	-	-	-	-	-	-	-	-	-	-	-	-	-	-	-	-	-	-	-	-
INF168	16870_8#12	Klebsiella_pneumoniae_INF168	Klebsiella_pneumoniae_INF168	ERR1023807	SAMEA3357096	GCA_904864475	yes	Wound or tissue	2013	Gorrie 2019	complete		Klebsiella pneumoniae	strong	3	5376827	5376827	5594072	no	-	ST35	1	0	0	0	"ybt 9; ICEKp3"	183	-	0	-	0	-	0	-	0	-	wzi16	KL16	none	Very high	99,42%		O1v1	none	Very high	98,51%		-	-	-	-	-	-	-	-	-	-	-	-	-	-	-	-	-	SHV-33	-	-	-	-	-	-	ST35	2	1	2	1	10	1	19	5	11	6	5	1	25	37	9	5	5	11	-	-	-	-	-	-	-	-	-	-	-	-	-	-	-	-	-	-	-	-	-	-	-	-	-	-	-	-
INF171	16870_8#14	Klebsiella_pneumoniae_INF171	Klebsiella_pneumoniae_INF171	ERR1023809	SAMEA3357101	GCA_904864625	yes	UTI	2013	Gorrie 2019	complete		Klebsiella pneumoniae	strong	5	5351009	5351009	5545620	no	-	ST711	1	1	8	16	"ybt 8; ICEKp9"	168	-	0	-	0	-	0	-	0	-	wzi303	KL54	none	Very high	99,93%		O1v2	none	Very high	99,14%		"aac(3)-IIa.v1^;aac(3)-IIa.v1^;aac(6')-Ib-cr.v2;aac(6')-Ib-cr.v2;strA.v1^;strB.v1"	-	-	qnrB1.v2^	-	-	"CatB4.v1;CatB4.v1"	-	sul2	tet(A).v1	-	dfrA14.v1^	"OXA-1;OXA-1;TEM-1D.v1^"	-	CTX-M-15	-	-	SHV-187	-	-	-	GyrA-87N	-	-	ST711	2	61	2	2	6	4	4	5	11	45	5	1	99	98	9	29	5	56	-	-	-	-	-	-	-	-	-	-	-	-	-	-	-	-	-	-	-	-	-	-	-	-	-	-	-	-
INF174	16870_8#17	Klebsiella_pneumoniae_INF174	Klebsiella_pneumoniae_INF174	ERR1023812	SAMEA3357107	GCA_026256345	yes	UTI	2013	Gorrie 2019	complete		Klebsiella pneumoniae	strong	3	5307101	5307101	5550173	no	-	ST3098	1	0	6	8	"ybt 10; ICEKp4"	93	-	0	-	0	-	0	-	0	-	wzi101	KL24	none	Very high	99,02%		O2v1	none	Very high	98,76%		"aph3-Ia.v1*?;strA.v1^;strB.v1"	-	-	-	-	-	catA1^	-	sul2	tet(D)	-	dfrA14.v1^	TEM-1D.v1^	-	-	-	-	SHV-1	-	-	-	-	sul1?-0%	-	ST3098	163	1	1	6	7	1	12	3	12	4	32	3	21	72	3	10	16	2	-	-	-	-	-	-	-	-	-	-	-	-	-	-	-	-	-	-	-	-	-	-	-	-	-	-	-	-
INF177	16870_8#20	Klebsiella_pneumoniae_INF177	Klebsiella_pneumoniae_INF177	ERR1023815	SAMEA3357113	GCA_026256325	yes	UTI	2013	Gorrie 2019	complete		Klebsiella pneumoniae	strong	3	5355916	5355916	5756162	no	-	ST3061	1	0	0	0	"ybt 4; plasmid"	117	-	0	-	0	-	0	-	0	-	wzi8	KL8	none	Very high	99,75%		O2v2	none	Very high	98,42%		-	-	-	-	-	-	-	-	-	-	-	-	-	-	-	-	-	SHV-42*	25S	-	-	-	-	-	ST3061	2	47	1	1	7	2	4	30	39	37	44	28	177-19%	102	25	23	45	57	-	-	-	-	-	-	-	-	-	-	-	-	-	-	-	-	-	-	-	-	-	-	-	-	-	-	-	-
INF182	16870_8#25	Klebsiella_pneumoniae_INF182	Klebsiella_pneumoniae_INF182	ERR1023820	SAMEA3357121	GCA_904865685	yes	UTI	2013	Gorrie 2019	complete		Klebsiella pneumoniae	strong	2	5369040	5369040	5481173	no	-	ST412	0	0	0	0	-	0	-	0	-	0	-	0	-	0	-	wzi206	KL57	none	Very high	99,99%		O3b	none	Very high	99,33%		-	-	-	-	-	-	-	-	-	-	-	-	-	-	-	-	-	SHV-1	-	-	-	-	-	-	ST412	2	1	2	1	9	1	112	-	-	-	-	-	-	-	-	-	-	-	-	-	-	-	-	-	-	-	-	-	-	-	-	-	-	-	-	-	-	-	-	-	-	-	-	-	-	-
INF188	16870_8#30	Klebsiella_pneumoniae_INF188	Klebsiella_pneumoniae_INF188	ERR1023825	SAMEA3357126	GCA_026256305	yes	Wound or tissue	2013	Gorrie 2019	complete		Klebsiella pneumoniae	strong	5	5220917	5220917	5495587	no	-	ST17-1LV	0	1	8	12	-	0	-	0	-	0	-	0	-	0	-	wzi197	KL141	none	Perfect	100,00%		O4	-	High	99,63%	O4_06_glycosyltransferase	"strA.v1^;strB.v1"	-	-	qnrS1	-	-	catII.2*	-	"sul1;sul2"	"tet(A).v1;tet(D)"	-	dfrA1.v1	"LAP-2;TEM-1D.v1^"	-	CTX-M-14	-	-	SHV-11.v1^	35Q	-	-	-	-	-	ST17-1LV	2	1	1	1	4	4	418	-	-	-	-	-	-	-	-	-	-	-	-	-	-	-	-	-	-	-	-	-	-	-	-	-	-	-	-	-	-	-	-	-	-	-	-	-	-	-
INF192	16870_8#34	Klebsiella_pneumoniae_INF192	Klebsiella_pneumoniae_INF192	ERR1023829	SAMEA3357130	GCA_026256285	yes	UTI	2013	Gorrie 2019	complete		Klebsiella pneumoniae	strong	5	5242271	5242271	5755019	no	-	ST3067	1	0	0	0	"ybt 4; plasmid"	125	-	0	-	0	-	0	-	0	-	wzi324	KL63	none	Very high	96,04%		O3b	none	Very high	99,25%		-	-	-	-	-	-	-	-	-	-	-	-	-	-	-	-	-	SHV-1^	-	-	-	-	-	-	ST3067	4	1	1	1	7	8	13	37	34	37	44	28	104	143-5%	25	23	45	49	-	-	-	-	-	-	-	-	-	-	-	-	-	-	-	-	-	-	-	-	-	-	-	-	-	-	-	-
INF201	16870_8#43	Klebsiella_pneumoniae_INF201	Klebsiella_pneumoniae_INF201	ERR1023838	SAMEA3357140	GCA_026256265	yes	UTI	2013	Gorrie 2019	complete		Klebsiella pneumoniae	strong	5	5284550	5284550	5465642	no	-	ST45	1	0	0	0	"ybt 10; ICEKp4"	78	-	0	-	0	-	0	-	0	-	wzi101	KL24	none	Very high	99,01%		O2v1	none	Very high	98,75%		-	-	-	-	-	-	-	-	-	-	-	-	-	-	-	-	-	SHV-1	-	-	-	-	-	-	ST45	2	1	1	6	7	1	12	3	12	4	11	3	21	18	3	10	16	2	-	-	-	-	-	-	-	-	-	-	-	-	-	-	-	-	-	-	-	-	-	-	-	-	-	-	-	-
INF206	16870_8#48	Klebsiella_pneumoniae_INF206	Klebsiella_pneumoniae_INF206	ERR1023843	SAMEA3357145	GCA_003432185	yes	UTI	2013	Gorrie 2019	complete		Klebsiella pneumoniae	strong	2	5362796	5362796	5596264	no	-	ST29	0	0	0	0	-	0	-	0	-	0	-	0	-	0	-	wzi327	KL63	none	Very high	98,92%		O1v2	none	Very high	99,55%		-	-	-	-	-	-	-	-	-	-	-	-	-	-	-	-	-	SHV-187	-	-	-	-	-	-	ST29	2	3	2	2	6	4	4	-	-	-	-	-	-	-	-	-	-	-	-	-	-	-	-	-	-	-	-	-	-	-	-	-	-	-	-	-	-	-	-	-	-	-	-	-	-	-
INF215	16870_8#57	Klebsiella_pneumoniae_INF215	Klebsiella_pneumoniae_INF215	ERR1023852	SAMEA3357158	GCA_026256245	yes	UTI	2013	Gorrie 2019	complete		Klebsiella pneumoniae	strong	3	5202431	5202431	5485243	no	-	ST20	0	0	0	0	-	0	-	0	-	0	-	0	-	0	-	wzi113	KL111	none	Perfect	100,00%		O3b	none	Very high	99,15%		-	-	-	-	-	-	-	-	-	-	-	-	-	-	-	-	-	SHV-1	-	-	-	-	-	-	ST20	2	3	1	1	4	4	4	-	-	-	-	-	-	-	-	-	-	-	-	-	-	-	-	-	-	-	-	-	-	-	-	-	-	-	-	-	-	-	-	-	-	-	-	-	-	-
INF223	16870_8#65	Klebsiella_pneumoniae_INF223	Klebsiella_pneumoniae_INF223	ERR1023860	SAMEA3357174	GCA_026256225	yes	UTI	2013	Gorrie 2019	complete		Klebsiella pneumoniae	strong	3	5271210	5271210	5576053	no	-	ST3072	0	1	7	10	-	0	-	0	-	0	-	0	-	0	-	wzi160	KL39	none	Very high	99,25%		O2v1	none	Very high	98,71%		"aph3-Ia.v1^;strA.v1^;strB.v1"	-	-	qnrS1	-	-	-	-	"sul1;sul2*"	tet(D)	-	dfrA7	TEM-1D.v1^	-	CTX-M-3	-	-	"SHV-1^;SHV-1^"	-	-	-	-	-	-	ST3072	4	4	1	97	27	7	4	-	-	-	-	-	-	-	-	-	-	-	-	-	-	-	-	-	-	-	-	-	-	-	-	-	-	-	-	-	-	-	-	-	-	-	-	-	-	-
INF231	16870_8#72	Klebsiella_pneumoniae_INF231	Klebsiella_pneumoniae_INF231	ERR1023866	SAMEA3357192	GCA_904863285	yes	UTI	2013	Gorrie 2019	complete		Klebsiella pneumoniae	strong	4	5434095	5434095	5635965	no	-	ST35	1	0	0	0	"ybt 8; ICEKp3"	196	-	0	-	0	-	0	-	0	-	wzi37	KL22	none	Very high	99,49%		O1v1	none	Very high	98,11%		-	-	-	-	-	-	-	-	-	-	-	-	-	-	-	-	-	SHV-33	-	-	-	-	-	-	ST35	2	1	2	1	10	1	19	5	11	6	5	30	105	107	36	33	55	11	-	-	-	-	-	-	-	-	-	-	-	-	-	-	-	-	-	-	-	-	-	-	-	-	-	-	-	-
INF237	16870_8#78	Klebsiella_pneumoniae_INF237	Klebsiella_pneumoniae_INF237	ERR1035983	SAMEA3357202	GCA_003660205	yes	Pneumonia	2013	Gorrie 2019	complete		Klebsiella pneumoniae	strong	6	5203185	5203185	5558988	no	-	ST91 (subsp. ozaenae)	4	0	0	0	"ybt 10; ICEKp4?"	111	-	0	iuc 2A	7	-	0	-	0	-	wzi127	KL4	-+	None	99,11%	KL4_03_wcuG,KL4_20_wza,KL4_23_wcaJ	O1/O2v1	none	Very high	98,44%		-	-	-	-	-	-	-	-	-	-	-	-	-	-	-	-	-	SHV-11.v1^	35Q	-	-	-	-	-	ST91	10	6	1	9	12	4	9	3	42	32	3	20	80-82%	109	3	10	56	62	-	-	-	-	-	-	-	-	-	-	-	-	-	-	-	5	4	16	11	6	-	-	-	-	31*-47%	-	-	rmpA_48*-0%
INF247	16703_7#1	Klebsiella_pneumoniae_INF247	Klebsiella_pneumoniae_INF247	ERR1008712	SAMEA3357219	GCA_026256205	yes	UTI	2013	Gorrie 2019	complete		Klebsiella pneumoniae	strong	2	5206451	5206451	5366043	no	-	ST3062	0	1	6	10	-	0	-	0	-	0	-	0	-	0	-	wzi387	KL124	-	High	100,00%	KL124_07_wbaP	O3/O3a	none	Very high	98,76%		"aadA5;strA.v1^;strB.v1*"	-	-	-	-	mphA	-	-	"sul1;sul2"	tet(A).v1	-	dfrA17	-	-	"CTX-M-14;CTX-M-14"	-	-	SHV-1*	-	-	-	-	-	-	ST3062	3	1	1	1	316	1	43	-	-	-	-	-	-	-	-	-	-	-	-	-	-	-	-	-	-	-	-	-	-	-	-	-	-	-	-	-	-	-	-	-	-	-	-	-	-	-
INF249	16703_7#3	Klebsiella_pneumoniae_INF249	Klebsiella_pneumoniae_INF249	ERR1008714	SAMEA3357223	GCA_002752775	yes	UTI	2013	Gorrie 2019	complete		Klebsiella pneumoniae	strong	7	5583461	5583461	5676465	no	-	ST29	0	1	8	11	-	0	-	0	-	0	-	0	-	0	-	wzi85	KL30	-+*	Good	96,55%	KL30_15_wcuG	O1v2	-	High	99,40%	O1/O2v2_08_gmlC,O1/O2v2_09_gmlB	"aac(6')-Ib-cr.v2;strA.v1^;strB.v1"	-	-	qnrB1.v2^	-	-	CatB4.v1	-	sul2	tet(A).v1	-	dfrA14.v1^	"OXA-1;TEM-1D.v1^"	-	CTX-M-15	-	-	SHV-187	-	-	-	-	-	-	ST29	2	3	2	2	6	4	4	-	-	-	-	-	-	-	-	-	-	-	-	-	-	-	-	-	-	-	-	-	-	-	-	-	-	-	-	-	-	-	-	-	-	-	-	-	-	-
INF250	16703_7#4	Klebsiella_pneumoniae_INF250	Klebsiella_pneumoniae_INF250	ERR1008715	SAMEA3357225	GCA_904863395	yes	UTI	2013	Gorrie 2019	complete		Klebsiella pneumoniae	strong	7	5355089	5355089	5683515	no	-	ST29	0	1	8	11	-	0	-	0	-	0	-	0	-	0	-	wzi85	KL30	-+*	Good	96,55%	KL30_15_wcuG	O1v2	-	High	99,40%	O1/O2v2_08_gmlC,O1/O2v2_09_gmlB	"aac(6')-Ib-cr.v2;strA.v1^;strB.v1"	-	-	qnrB1.v2^	-	-	CatB4.v1	-	sul2	tet(A).v1	-	dfrA14.v1^	"OXA-1;TEM-1D.v1^"	-	CTX-M-15	-	-	SHV-187	-	-	-	-	-	-	ST29	2	3	2	2	6	4	4	-	-	-	-	-	-	-	-	-	-	-	-	-	-	-	-	-	-	-	-	-	-	-	-	-	-	-	-	-	-	-	-	-	-	-	-	-	-	-
INF266	16703_7#18	Klebsiella_pneumoniae_INF266	Klebsiella_pneumoniae_INF266	ERR1008728	SAMEA3357253	GCA_904866335	yes	UTI	2013	Gorrie 2019	complete		Klebsiella pneumoniae	strong	3	5344685	5344685	5611026	no	-	ST20	1	0	0	0	"ybt 14; ICEKp5"	135	-	0	-	0	-	0	-	0	-	wzi84	KL28	none	Very high	99,18%		O1v2	none	Very high	98,38%		-	-	-	-	-	-	-	-	-	-	-	-	-	-	-	-	-	SHV-187*	-	-	-	-	-	-	ST20	2	3	1	1	4	4	4	4	4	18	4	1	27	25	2	4	4	2	-	-	-	-	-	-	-	-	-	-	-	-	-	-	-	-	-	-	-	-	-	-	-	-	-	-	-	-
INF277	AUSMDU00003501_S12_L001	Klebsiella_pneumoniae_INF277	Klebsiella_pneumoniae_INF277	SRR5082454	SAMN06112222	GCA_026256185	yes	Pneumonia	2014	Gorrie 2019	complete		Klebsiella pneumoniae	strong	5	5230141	5230141	5590549	no	-	ST323	0	1	8	19	-	0	-	0	-	0	-	0	-	0	-	wzi262	KL21	-	High	99,95%	KL21_09_wcuE,KL21_10_wcuC	O3b	none	Very high	99,19%		"aac(6')-Ib-cr.v2;aac(6')-Ib-cr.v2;aac(6')-Ib-cr.v2;strA.v1^;strB.v1"	-	-	qnrB1.v2^	-	-	"CatB4.v1;CatB4.v1;CatB4.v1"	-	sul2	tet(A).v1	-	dfrA14.v1^	"OXA-1;OXA-1;OXA-1;TEM-1D.v1^"	-	"CTX-M-15;CTX-M-15;CTX-M-15"	-	-	SHV-1^	-	OmpK36-66%	-	GyrA-87N	fosA7*-15%	-	ST323	2	1	1	1	9	1	93	-	-	-	-	-	-	-	-	-	-	-	-	-	-	-	-	-	-	-	-	-	-	-	-	-	-	-	-	-	-	-	-	-	-	-	-	-	-	-
INF281	16703_7#30	Klebsiella_pneumoniae_INF281	Klebsiella_pneumoniae_INF281	ERR1008739	SAMEA3357277	GCA_026254465	yes	Wound or tissue	2014	Gorrie 2019	complete		Klebsiella pneumoniae	strong	8	5509891	5509891	6109952	no	-	ST231	1	2	11	19	"ybt 15; ICEKp11"	230	-	0	-	0	-	0	-	0	-	wzi64	KL64	none	Perfect	100,00%		O1v1	none	Very high	98,64%		"aadA*;ant(2'')-Ia;rmtB;strA.v1^;strB.v1"	-	-	-	-	ermB.v1*	"cmlA5;floR.v2*"	arr-2	sul2	"tet(A).v2;tet(G).v1"	-	dfrA23	"OXA-10;TEM-1D.v1^"	-	"CTX-M-15;CTX-M-15;VEB-1"	-	OXA-48	SHV-1^	-	-	-	"GyrA-83I;GyrA-87Y;ParC-80I"	-	"floR.v2*?;sul1?-63%"	ST231	2	6	1	3	26	1	77	6	15	22	4	1	37	34	14	1	4	17	-	-	-	-	-	-	-	-	-	-	-	-	-	-	-	-	-	-	-	-	-	-	-	-	-	-	-	-
INF298	AUSMDU00003503_S16_L001	Klebsiella_pneumoniae_INF298	Klebsiella_pneumoniae_INF298	SRR5082469	SAMN06112224	GCA_026254445	yes	Wound or tissue	2014	Gorrie 2019	complete		Klebsiella pneumoniae	strong	8	5509884	5509884	6109940	no	-	ST231	1	2	11	19	"ybt 15; ICEKp11"	230	-	0	-	0	-	0	-	0	-	wzi64	KL64	-*	High	99,98%	KL64_10_wzy,KL64_11_wcoU,KL64_12_wcoT	O1v1	none	Very high	98,64%		"aadA*;ant(2'')-Ia;rmtB;strA.v1^;strB.v1"	-	-	-	-	ermB.v1*	"cmlA5;floR.v2*"	arr-2	sul2	"tet(A).v2;tet(G).v1"	-	dfrA23	"OXA-10;TEM-1D.v1^"	-	"CTX-M-15;CTX-M-15;VEB-1"	-	OXA-48	SHV-1^	-	-	-	"GyrA-83I;GyrA-87Y;ParC-80I"	-	"floR.v2*?;sul1?-63%"	ST231	2	6	1	3	26	1	77	6	15	22	4	1	37	34	14	1	4	17	-	-	-	-	-	-	-	-	-	-	-	-	-	-	-	-	-	-	-	-	-	-	-	-	-	-	-	-
INF299	16703_7#46	Klebsiella_pneumoniae_INF299	Klebsiella_pneumoniae_INF299	ERR1008755	SAMEA3357155	GCA_026254425	yes	Wound or tissue	2014	Gorrie 2019	complete		Klebsiella pneumoniae	strong	8	5511045	5511045	6111102	no	-	ST231	1	2	11	19	"ybt 15; ICEKp11"	230	-	0	-	0	-	0	-	0	-	wzi64	KL64	none	Perfect	100,00%		O1v1	none	Very high	98,64%		"aadA*;ant(2'')-Ia;rmtB;strA.v1^;strB.v1"	-	-	-	-	ermB.v1*	"cmlA5;floR.v2*"	arr-2	sul2	"tet(A).v2;tet(G).v1"	-	dfrA23	"OXA-10;TEM-1D.v1^"	-	"CTX-M-15;CTX-M-15;VEB-1"	-	OXA-48	SHV-1^	-	-	-	"GyrA-83I;GyrA-87Y;ParC-80I"	-	"floR.v2*?;sul1?-63%"	ST231	2	6	1	3	26	1	77	6	15	22	4	1	37	34	14	1	4	17	-	-	-	-	-	-	-	-	-	-	-	-	-	-	-	-	-	-	-	-	-	-	-	-	-	-	-	-
INF300	16703_7#47	Klebsiella_pneumoniae_INF300	Klebsiella_pneumoniae_INF300	ERR1008756	SAMEA3357157	GCA_026153135	yes	UTI	2014	Gorrie 2019	complete		Klebsiella pneumoniae	strong	3	5302662	5302662	5595347	no	-	ST17	1	1	8	11	"ybt 15; ICEKp11"	68	-	0	-	0	-	0	-	0	-	wzi141	KL25	-	High	99,16%	KL25_09_wfeD	O5	*	High	94,21%		"aac(3)-IId^;strA.v1^;strB.v1"	-	-	qnrS1	-	-	catII.2*	-	"sul1;sul2"	tet(A).v1	-	dfrA1.v1	LAP-2	-	CTX-M-14	-	-	SHV-11.v1^	35Q	-	-	-	-	-	ST17	2	1	1	1	4	4	4	25	15	22	4	1	37	75	14	1	33	17	-	-	-	-	-	-	-	-	-	-	-	-	-	-	-	-	-	-	-	-	-	-	-	-	-	-	-	-
INF302	AUSMDU00003485_S9_L001	Klebsiella_pneumoniae_INF302	Klebsiella_pneumoniae_INF302	SRR5082444	SAMN06112216	GCA_022049685	yes	Pneumonia	2014	Gorrie 2019	complete		Klebsiella pneumoniae	strong	6	5228896	5228896	5536720	no	-	ST323	0	1	8	11	-	0	-	0	-	0	-	0	-	0	-	wzi262	KL21	none	Very high	100,00%		O3b	none	Very high	99,19%		"aac(6')-Ib-cr.v2;strA.v1^;strB.v1"	-	-	qnrB1.v2^	-	-	CatB4.v1	-	sul2	tet(A).v1	-	dfrA14.v1^	"OXA-1;TEM-1D.v1^"	-	CTX-M-15	-	-	SHV-1^	-	-	-	-	fosA7*-15%	-	ST323	2	1	1	1	9	1	93	-	-	-	-	-	-	-	-	-	-	-	-	-	-	-	-	-	-	-	-	-	-	-	-	-	-	-	-	-	-	-	-	-	-	-	-	-	-	-
INF319	16703_7#63	Klebsiella_pneumoniae_INF319	Klebsiella_pneumoniae_INF319	ERR1008772	SAMEA3357187	GCA_026254385	yes	UTI	2014	Gorrie 2019	complete		Klebsiella pneumoniae	strong	5	5364521	5364521	5871737	no	-	ST461	0	0	3	4	-	0	-	0	-	0	-	0	-	0	-	wzi133	KL25	-	High	98,53%	KL25_09_wfeD	O1v1	-	High	98,45%	O1/O2v1_03_wbbM,O1/O2v1_06_wbbO	"strA.v1;strB.v1*"	-	-	-	-	-	-	-	sul1	-	-	dfrA15.v2	-	-	-	-	-	SHV-1^	-	-	-	-	-	-	ST461	3	1	13	34	63	1	64	-	-	-	-	-	-	-	-	-	-	-	-	-	-	-	-	-	-	-	-	-	-	-	-	-	-	-	-	-	-	-	-	-	-	-	-	-	-	-
INF321	16703_7#65	Klebsiella_pneumoniae_INF321	Klebsiella_pneumoniae_INF321	ERR1008774	SAMEA3357191	GCA_026254365	yes	UTI	2014	Gorrie 2019	complete		Klebsiella pneumoniae	strong	10	5095788	5095788	5357440	no	-	ST872	0	0	0	0	-	0	-	0	-	0	-	0	-	0	-	wzi394	KL153	none	Very high	99,91%		O2v2	none	Very high	98,45%		-	-	-	-	-	-	-	-	-	-	-	-	-	-	-	-	-	SHV-11.v1^	35Q	-	-	-	-	-	ST872	2	1	100	1	7	5	181	-	-	-	-	-	-	-	-	-	-	-	-	-	-	-	-	-	-	-	-	-	-	-	-	-	-	-	-	-	-	-	-	-	-	-	-	-	-	-
INF322	16703_7#66	Klebsiella_pneumoniae_INF322	Klebsiella_pneumoniae_INF322	ERR1008775	SAMEA3357193	GCA_002752815	yes	UTI	2014	Gorrie 2019	complete		Klebsiella pneumoniae	strong	7	5356173	5356173	5684599	no	-	ST29	0	1	8	11	-	0	-	0	-	0	-	0	-	0	-	wzi85	KL30	-+*	Good	96,55%	KL30_15_wcuG	O1v2	-	High	99,40%	O1/O2v2_08_gmlC,O1/O2v2_09_gmlB	"aac(6')-Ib-cr.v2;strA.v1^;strB.v1"	-	-	qnrB1.v2^	-	-	CatB4.v1	-	sul2	tet(A).v1	-	dfrA14.v1^	"OXA-1;TEM-1D.v1^"	-	CTX-M-15	-	-	SHV-187	-	-	-	-	-	-	ST29	2	3	2	2	6	4	4	-	-	-	-	-	-	-	-	-	-	-	-	-	-	-	-	-	-	-	-	-	-	-	-	-	-	-	-	-	-	-	-	-	-	-	-	-	-	-
INF329	16703_7#72	Klebsiella_pneumoniae_INF329	Klebsiella_pneumoniae_INF329	ERR1008781	SAMEA3357208	GCA_026254345	yes	UTI	2014	Gorrie 2019	complete		Klebsiella pneumoniae	strong	5	5230561	5230561	5458176	no	-	ST323	0	1	6	7	-	0	-	0	-	0	-	0	-	0	-	wzi262	KL21	none	Very high	99,99%		O3b	-	High	99,19%	O3b_07_wbdB	"strA.v1^;strB.v1"	-	-	qnrB1.v2^	-	-	-	-	sul2	-	-	dfrA14.v1^	TEM-1D.v1^	-	CTX-M-15	-	-	SHV-1^	-	-	-	-	fosA7*-15%	-	ST323	2	1	1	1	9	1	93	-	-	-	-	-	-	-	-	-	-	-	-	-	-	-	-	-	-	-	-	-	-	-	-	-	-	-	-	-	-	-	-	-	-	-	-	-	-	-
INF331	16703_7#74	Klebsiella_pneumoniae_INF331	Klebsiella_pneumoniae_INF331	ERR1008783	SAMEA3357212	GCA_904864505	yes	Disseminated	2014	Gorrie 2019	complete		Klebsiella pneumoniae	strong	2	5243953	5243953	5428648	no	-	ST86	1	0	0	0	"ybt 9; ICEKp3"	203	-	0	-	0	iro 1	1	"rmp 1; KpVP-1"	35	-	wzi2	KL2	none	Very high	99,93%		O1v1	none	Very high	98,46%		-	-	-	-	-	-	-	-	-	-	-	-	-	-	-	-	-	SHV-1^	-	-	-	-	-	-	ST86	9	4	2	1	1	1	27	5	19	26	5	1	79	53	9	5	32-18%	21	-	-	-	-	-	-	-	-	-	-	-	-	-	-	-	-	-	-	-	-	1	1	1	1	44	2	2	-
INF333	AUSMDU00003508_S65_L999	Klebsiella_pneumoniae_INF333	Klebsiella_pneumoniae_INF333	SRR5082463	SAMN06112228	GCA_904864595	yes	Pneumonia	2014	Gorrie 2019	complete		Klebsiella pneumoniae	strong	4	5227693	5227693	5477591	no	-	ST323	0	1	8	11	-	0	-	0	-	0	-	0	-	0	-	wzi262	KL21	*	Very high	99,97%		O3b	none	Very high	99,19%		"aac(6')-Ib-cr.v2;strA.v1^;strB.v1"	-	-	qnrB1.v2^	-	-	CatB4.v1	-	sul2	tet(A).v1	-	dfrA14.v1^	"OXA-1;TEM-1D.v1^"	-	CTX-M-15	-	-	SHV-1^	-	-	-	-	fosA7*-15%	-	ST323	2	1	1	1	9	1	93	-	-	-	-	-	-	-	-	-	-	-	-	-	-	-	-	-	-	-	-	-	-	-	-	-	-	-	-	-	-	-	-	-	-	-	-	-	-	-
INF334	16703_7#75	Klebsiella_pneumoniae_INF334	Klebsiella_pneumoniae_INF334	ERR1008784	SAMEA3357214	GCA_904863075	yes	UTI	2014	Gorrie 2019	complete		Klebsiella pneumoniae	strong	5	5237440	5237440	5526375	no	-	ST105	0	0	0	0	-	0	-	0	-	0	-	0	-	0	-	wzi383	KL102	none	Very high	99,25%		O2v2	none	Very high	98,44%		-	-	-	-	-	-	-	-	-	-	-	-	-	-	-	-	-	SHV-1^	-	-	-	-	-	-	ST105	2	3	2	1	1	4	18	-	-	-	-	-	-	-	-	-	-	-	-	-	-	-	-	-	-	-	-	-	-	-	-	-	-	-	-	-	-	-	-	-	-	-	-	-	-	-
INF341	16703_7#81	Klebsiella_pneumoniae_INF341	Klebsiella_pneumoniae_INF341	ERR1008790	SAMEA3357226	GCA_026254325	yes	UTI	2014	Gorrie 2019	complete		Klebsiella pneumoniae	strong	3	5516928	5516928	5722904	no	-	ST792	2	0	0	0	"ybt 17; ICEKp10"	281	clb 3	15	-	0	-	0	-	0	-	wzi25	KL25	none	Perfect	100,00%		O3/O3a	none	Very high	98,57%		-	-	-	-	-	-	-	-	-	-	-	-	-	-	-	-	-	SHV-1*	-	-	-	-	-	-	ST792	2	7	1	26	1	4	4	6	15	5	4	11	78	26	2	11	4	2	2	10	2	2	2	2	2	3	2	2	2	2	6	2	2	-	-	-	-	-	-	-	-	-	-	-	-	-
INF344	16703_7#83	Klebsiella_pneumoniae_INF344	Klebsiella_pneumoniae_INF344	ERR1008791	SAMEA3357233	GCA_026254005	yes	UTI	2014	Gorrie 2019	complete		Klebsiella pneumoniae	strong	3	5119445	5119445	5444434	no	-	ST491	0	1	7	8	-	0	-	0	-	0	-	0	-	0	-	wzi108	KL118	none	Very high	99,97%		OL101	-	High	94,77%	OL101_09_glycosylhydrolase	"strA.v1^;strB.v1"	-	-	qnrB1.v2^	-	-	-	-	sul2	tet(A).v1	-	dfrA14.v1^	TEM-1D.v1^	-	CTX-M-15	-	-	SHV-40*	35Q	-	-	-	-	-	ST491	51	1	5	1	9	4	13	-	-	-	-	-	-	-	-	-	-	-	-	-	-	-	-	-	-	-	-	-	-	-	-	-	-	-	-	-	-	-	-	-	-	-	-	-	-	-
INF346	16703_7#85	Klebsiella_pneumoniae_INF346	Klebsiella_pneumoniae_INF346	ERR1008793	SAMEA3357237	GCA_026253925	yes	Pneumonia	2014	Gorrie 2019	complete		Klebsiella pneumoniae	strong	5	5222404	5222404	5319043	no	-	ST37	0	0	1	1	-	0	-	0	-	0	-	0	-	0	-	wzi12	KL12	none	Very high	99,98%		OL103	*	High	94,57%		-	-	-	-	-	-	-	-	-	tet(A).v1	-	-	-	-	-	-	-	SHV-11.v1^	35Q	-	-	-	-	-	ST37	2	9	2	1	13	1	16	-	-	-	-	-	-	-	-	-	-	-	-	-	-	-	-	-	-	-	-	-	-	-	-	-	-	-	-	-	-	-	-	-	-	-	-	-	-	-
INF348	16780_6#1	Klebsiella_pneumoniae_INF348	Klebsiella_pneumoniae_INF348	ERR1015281	SAMEA3357241	GCA_904863425	yes	UTI	2014	Gorrie 2019	complete		Klebsiella pneumoniae	strong	3	5151522	5151522	5427620	no	-	ST34	0	0	0	0	-	0	-	0	-	0	-	0	-	0	-	wzi37	KL22	none	Very high	99,46%		O2v1	-	High	98,64%	O1/O2v1_06_wbbO	-	-	-	-	-	-	-	-	-	-	-	-	-	-	-	-	-	SHV-186	-	-	-	-	-	-	ST34	2	3	6	1	9	7	4	-	-	-	-	-	-	-	-	-	-	-	-	-	-	-	-	-	-	-	-	-	-	-	-	-	-	-	-	-	-	-	-	-	-	-	-	-	-	-
INF350	16780_6#3	Klebsiella_pneumoniae_INF350	Klebsiella_pneumoniae_INF350	ERR1015283	SAMEA3357245	GCA_904864525	yes	Pneumonia	2014	Gorrie 2019	complete		Klebsiella pneumoniae	strong	2	5357061	5357061	5509460	no	-	ST45	1	0	4	4	"ybt 10; ICEKp4"	80	-	0	-	0	-	0	-	0	-	wzi50	KL52	none	Very high	99,92%		OL101	*	High	94,92%		aadA2^	-	-	-	-	mphA	-	-	sul1	-	-	dfrA12	-	-	-	-	-	SHV-1	-	-	-	-	-	-	ST45	2	1	1	6	7	1	12	3	12	4	11	3	83	18	3	10	16	2	-	-	-	-	-	-	-	-	-	-	-	-	-	-	-	-	-	-	-	-	-	-	-	-	-	-	-	-
INF355	16780_7#73	Klebsiella_pneumoniae_INF355	Klebsiella_pneumoniae_INF355	ERR1015427	SAMEA3357535		yes	Wound or tissue	2014	Gorrie 2019	complete		Klebsiella pneumoniae	strong	4	5119122	5119122	5442153	no	-	ST491	0	1	6	7	-	0	-	0	-	0	-	0	-	0	-	wzi108	KL118	none	Very high	99,94%		OL101	-	High	94,77%	OL101_09_glycosylhydrolase	"strA.v1^;strB.v1"	-	-	qnrB1.v2^	-	-	-	-	sul2	-	-	dfrA14.v1^	TEM-1D.v1^	-	CTX-M-15	-	-	SHV-40*	35Q	OmpK36-67%	-	-	-	-	ST491	51	1	5	1	9	4	13	-	-	-	-	-	-	-	-	-	-	-	-	-	-	-	-	-	-	-	-	-	-	-	-	-	-	-	-	-	-	-	-	-	-	-	-	-	-	-
INF357	16870_7#8	Klebsiella_pneumoniae_INF357	Klebsiella_pneumoniae_INF357	ERR1023722	SAMEA3357260	GCA_026253445	yes	UTI	2014	Gorrie 2019	complete		Klebsiella pneumoniae	strong	8	5219342	5219342	5434792	no	-	ST30	0	0	0	0	-	0	-	0	-	0	-	0	-	0	-	wzi64	KL64	*	Very high	99,80%		O1v1	none	Very high	98,65%		-	-	-	-	-	-	-	-	-	-	-	-	-	-	-	-	-	SHV-71	146V	-	-	-	-	-	ST30	5	3	1	1	9	4	26	-	-	-	-	-	-	-	-	-	-	-	-	-	-	-	-	-	-	-	-	-	-	-	-	-	-	-	-	-	-	-	-	-	-	-	-	-	-	-
INF358	16780_6#10	Klebsiella_pneumoniae_INF358	Klebsiella_pneumoniae_INF358	ERR1015290	SAMEA3357262	GCA_026253425	yes	UTI	2014	Gorrie 2019	complete		Klebsiella pneumoniae	strong	2	5300439	5300439	5570307	no	-	ST2513	1	0	0	0	"ybt 4; plasmid"	31	-	0	-	0	-	0	-	0	-	wzi94	KL62	none	Very high	99,94%		O2v1	none	Very high	98,87%		-	-	-	-	-	-	-	-	-	-	-	-	-	-	-	-	-	SHV-1^	-	-	-	-	-	-	ST2513	2	3	1	1	7	4	12	18	20	27	18	13	81	38	9	8	26	35	-	-	-	-	-	-	-	-	-	-	-	-	-	-	-	-	-	-	-	-	-	-	-	-	-	-	-	-
INF359	16780_6#11	Klebsiella_pneumoniae_INF359	Klebsiella_pneumoniae_INF359	ERR1015291	SAMEA3357265	GCA_904866215	yes	UTI	2014	Gorrie 2019	complete		Klebsiella pneumoniae	strong	3	5328386	5328386	5673124	no	-	ST17	1	1	8	12	"ybt 15; ICEKp11"	68	-	0	-	0	-	0	-	0	-	wzi141	KL25	-	High	99,16%	KL25_09_wfeD	O5	*	High	94,20%		"aac(3)-IId^;strA.v1^;strB.v1"	-	-	qnrS1	-	-	catII.2*	-	"sul1;sul2"	tet(A).v1	-	dfrA1.v1	"LAP-2;TEM-1D.v1^"	-	CTX-M-14	-	-	SHV-11.v1^	35Q	-	-	-	-	-	ST17	2	1	1	1	4	4	4	25	15	22	4	1	37	75	14	1	33	17	-	-	-	-	-	-	-	-	-	-	-	-	-	-	-	-	-	-	-	-	-	-	-	-	-	-	-	-
INF361	16780_6#13	Klebsiella_pneumoniae_INF361	Klebsiella_pneumoniae_INF361	ERR1015293	SAMEA3357269	GCA_026253405	yes	UTI	2014	Gorrie 2019	complete		Klebsiella pneumoniae	strong	4	5119445	5119445	5447948	no	-	ST491	0	1	7	8	-	0	-	0	-	0	-	0	-	0	-	wzi108	KL118	none	Very high	99,97%		OL101	-	High	94,77%	OL101_09_glycosylhydrolase	"strA.v1^;strB.v1"	-	-	qnrB1.v2^	-	-	-	-	sul2	tet(A).v1	-	dfrA14.v1^	TEM-1D.v1^	-	CTX-M-15	-	-	SHV-40*	35Q	-	-	-	-	-	ST491	51	1	5	1	9	4	13	-	-	-	-	-	-	-	-	-	-	-	-	-	-	-	-	-	-	-	-	-	-	-	-	-	-	-	-	-	-	-	-	-	-	-	-	-	-	-
KSB1_10J	16852_1#48	Klebsiella_pneumoniae_KSB1_10J	Klebsiella_pneumoniae_KSB1_10J	ERR1023674	SAMEA3357381	GCA_002753035	No	Rectal swab	2014	Gorrie 2018	complete	SRR6175469	Klebsiella pneumoniae	strong	6	5228900	5228900	5677989	no	-	ST323	0	1	5	6	-	0	-	0	-	0	-	0	-	0	-	wzi262	KL21	none	Very high	100,00%		O3b	none	Very high	99,18%		"strA.v1^;strB.v1"	-	-	-	-	-	-	-	sul2	-	-	dfrA14.v1^	TEM-1D.v1^	-	CTX-M-15	-	-	SHV-1^	-	-	-	-	fosA7*-15%	-	ST323	2	1	1	1	9	1	93	-	-	-	-	-	-	-	-	-	-	-	-	-	-	-	-	-	-	-	-	-	-	-	-	-	-	-	-	-	-	-	-	-	-	-	-	-	-	-
KSB1_1B	CH0031R_C4PNMANXX_TAGGCATG-GTAAGGAG_L006	Klebsiella_pneumoniae_KSB1_1B	Klebsiella_pneumoniae_KSB1_1B	SRR6175453	SAMN07738870	GCA_904863435	No	Rectal swab	2013	Gorrie 2018	complete		Klebsiella pneumoniae	strong	8	5252324	5252324	5646415	no	-	ST1213	0	1	1	1	-	0	-	0	-	0	-	0	-	0	-	wzi74	KL103	*	Very high	96,71%		O1v1	none	Very high	98,56%		-	-	-	-	-	-	-	-	-	-	-	-	-	-	CTX-M-55	-	-	SHV-1^	-	-	-	-	-	-	ST1213	2	1	1	1	7	4	87	-	-	-	-	-	-	-	-	-	-	-	-	-	-	-	-	-	-	-	-	-	-	-	-	-	-	-	-	-	-	-	-	-	-	-	-	-	-	-
KSB1_1I	16852_1#34	Klebsiella_pneumoniae_KSB1_1I	Klebsiella_pneumoniae_KSB1_1I	ERR1023660	SAMEA3357358	GCA_003432145	No	Rectal swab	2014	Gorrie 2017	complete		Klebsiella pneumoniae	strong	3	5183069	5183069	5505832	no	-	ST661	1	0	0	0	"ybt 4; plasmid"	29	-	0	-	0	-	0	-	0	-	wzi101	KL24	none	Very high	98,89%		O2v1	none	Very high	98,38%		-	-	-	-	-	-	-	-	-	-	-	-	-	-	-	-	-	SHV-27	156D	-	-	-	-	-	ST661	4	3	1	36	9	10	14	18	20	27	18	13	41	38	9	8	26	22	-	-	-	-	-	-	-	-	-	-	-	-	-	-	-	-	-	-	-	-	-	-	-	-	-	-	-	-
KSB1_4E	16852_1#1	Klebsiella_pneumoniae_KSB1_4E	Klebsiella_pneumoniae_KSB1_4E	ERR1023628	SAMEA3357325	GCA_002754835	No	Rectal swab	2013	Gorrie 2018	complete	SRR6175471	Klebsiella pneumoniae	strong	5	5234963	5234963	5698065	no	-	ST323	0	1	8	11	-	0	-	0	-	0	-	0	-	0	-	wzi262	KL21	none	Very high	100,00%		O3b	none	Very high	99,19%		"aac(6')-Ib-cr.v2;strA.v1^;strB.v1"	-	-	qnrB1.v2^	-	-	CatB4.v1	-	sul2	tet(A).v1	-	dfrA14.v1^	"OXA-1;TEM-1D.v1^"	-	CTX-M-15	-	-	SHV-1^	-	-	-	-	fosA7*-15%	-	ST323	2	1	1	1	9	1	93	-	-	-	-	-	-	-	-	-	-	-	-	-	-	-	-	-	-	-	-	-	-	-	-	-	-	-	-	-	-	-	-	-	-	-	-	-	-	-
KSB1_5B	AH0027_C4PNMANXX_CGTACTAG-AAGGAGTA_L006	Klebsiella_pneumoniae_KSB1_5B	Klebsiella_pneumoniae_KSB1_5B	SRR5082451	SAMN06112194	GCA_904863335	No	Rectal swab	2013	Gorrie 2017	complete		Klebsiella pneumoniae	strong	3	5260432	5260432	5537829	no	-	ST15	0	1	9	17	-	0	-	0	-	0	-	0	-	0	-	wzi24	KL24	none	Very high	99,99%		O1v1	-	High	98,52%	O1/O2v1_02_wzt,O1/O2v1_06_wbbO	"aac(6')-Ib-cr.v2^;aadA5;strA.v1;strB.v1"	-	-	qnrB2.v1^	-	"mphA;mphA"	catB3.v2	arr-3	"sul1;sul1;sul1"	-	-	dfrA17	OXA-1	-	"CTX-M-62.v2;CTX-M-62.v2;SHV-2A^"	-	-	SHV-28.v1^	"238S;35Q"	-	-	GyrA-83Y	-	-	ST15	1	1	1	1	1	1	1	-	-	-	-	-	-	-	-	-	-	-	-	-	-	-	-	-	-	-	-	-	-	-	-	-	-	-	-	-	-	-	-	-	-	-	-	-	-	-
KSB1_6F	AH0148_C4PNMANXX_TAGGCATG-AAGGAGTA_L006	Klebsiella_pneumoniae_KSB1_6F	Klebsiella_pneumoniae_KSB1_6F	SRR5082475	SAMN06112198	GCA_904866355	No	Rectal swab	2013	Gorrie 2017	complete		Klebsiella pneumoniae	strong	5	5183290	5183290	5425738	no	-	ST116	1	0	0	0	"ybt 4; plasmid"	64	-	0	-	0	-	0	-	0	-	wzi316	KL6	none	Very high	99,63%		O2v1	none	Very high	98,42%		-	-	-	-	-	-	-	-	-	-	-	-	-	-	-	-	-	SHV-1^	-	-	-	-	-	-	ST116	15	1	1	18	1	1	4	23	27	30	18	13	110	61	9	18	26	35	-	-	-	-	-	-	-	-	-	-	-	-	-	-	-	-	-	-	-	-	-	-	-	-	-	-	-	-
KSB1_6G	16852_1#21	Klebsiella_pneumoniae_KSB1_6G	Klebsiella_pneumoniae_KSB1_6G	ERR1023648	SAMEA3357345	GCA_026253385	No	Throat swab	2013	Gorrie 2018	complete		Klebsiella pneumoniae	strong	7	5333974	5333974	5904790	no	-	ST37	0	0	0	0	-	0	-	0	-	0	-	0	-	0	-	wzi394	KL153	none	Very high	99,91%		O2v2	none	Very high	98,45%		-	-	-	-	-	-	-	-	-	-	-	-	-	-	-	-	-	SHV-11.v1^	35Q	-	-	-	-	-	ST37	2	9	2	1	13	1	16	-	-	-	-	-	-	-	-	-	-	-	-	-	-	-	-	-	-	-	-	-	-	-	-	-	-	-	-	-	-	-	-	-	-	-	-	-	-	-
KSB1_7E	16852_1#4	Klebsiella_pneumoniae_KSB1_7E	Klebsiella_pneumoniae_KSB1_7E	ERR1023631	SAMEA3357328	GCA_002752905	No	Rectal swab	2013	Gorrie 2018	complete	SRR6175472	Klebsiella pneumoniae	strong	3	5232513	5232513	5448674	no	-	ST323	0	0	0	0	-	0	-	0	-	0	-	0	-	0	-	wzi262	KL21	none	Very high	100,00%		O3b	none	Very high	99,19%		-	-	-	-	-	-	-	-	-	-	-	-	-	-	-	-	-	SHV-1^	-	-	-	-	fosA7*-15%	-	ST323	2	1	1	1	9	1	93	-	-	-	-	-	-	-	-	-	-	-	-	-	-	-	-	-	-	-	-	-	-	-	-	-	-	-	-	-	-	-	-	-	-	-	-	-	-	-
KSB1_7F	16852_1#13	Klebsiella_pneumoniae_KSB1_7F	Klebsiella_pneumoniae_KSB1_7F	ERR1023640	SAMEA3357337	GCA_003432205	No	Rectal swab	2013	Gorrie 2017	complete		Klebsiella pneumoniae	strong	3	5276478	5276478	5419864	no	-	ST230	0	0	0	0	-	0	-	0	-	0	-	0	-	0	-	wzi202	KL127	none	Very high	99,95%		OL101	*	High	94,97%		-	-	-	-	-	-	-	-	-	-	-	-	-	-	-	-	-	SHV-119^	35Q	-	-	-	-	-	ST230	2	1	2	1	13	1	38	-	-	-	-	-	-	-	-	-	-	-	-	-	-	-	-	-	-	-	-	-	-	-	-	-	-	-	-	-	-	-	-	-	-	-	-	-	-	-
KSB1_7G	16852_1#22	Klebsiella_pneumoniae_KSB1_7G	Klebsiella_pneumoniae_KSB1_7G	ERR1023649	SAMEA3357346	GCA_026253365	No	Throat swab	2013	Gorrie 2018	complete		Klebsiella pneumoniae	strong	3	5315064	5315064	5592223	no	-	ST37	1	0	0	0	"ybt 4; plasmid"	34	-	0	-	0	-	0	-	0	-	wzi50	KL15	none	Very high	99,79%		O4	none	Very high	99,72%		-	-	-	-	-	-	-	-	-	-	-	-	-	-	-	-	-	SHV-11.v1^	35Q	-	-	-	-	fosA7*?-0%	ST37	2	9	2	1	13	1	16	18	20	27	18	13	41	83	22	8	26	46	-	-	-	-	-	-	-	-	-	-	-	-	-	-	-	-	-	-	-	-	-	-	-	-	-	-	-	-
KSB1_7J	16852_1#45	Klebsiella_pneumoniae_KSB1_7J	Klebsiella_pneumoniae_KSB1_7J	ERR1023671	SAMEA3357374	GCA_002753375	No	Rectal swab	2014	Gorrie 2018	complete	SRR5665594	Klebsiella pneumoniae	strong	1	5354543	5354543	5354543	no	-	ST37	0	0	0	0	-	0	-	0	-	0	-	0	-	0	-	wzi14	KL14	none	Very high	99,98%		O3b	none	Very high	99,31%		-	-	-	-	-	-	-	-	-	-	-	-	-	-	-	-	-	SHV-11.v1^	35Q	-	-	-	-	-	ST37	2	9	2	1	13	1	16	-	-	-	-	-	-	-	-	-	-	-	-	-	-	-	-	-	-	-	-	-	-	-	-	-	-	-	-	-	-	-	-	-	-	-	-	-	-	-
KSB1_8G	16852_1#23	Klebsiella_pneumoniae_KSB1_8G	Klebsiella_pneumoniae_KSB1_8G	ERR1023650	SAMEA3357347		No	Rectal swab	2013	Gorrie 2017	complete		Klebsiella pneumoniae	strong	4	5394140	5394140	5404927	no	-	ST35	0	0	0	0	-	0	-	0	-	0	-	0	-	0	-	wzi37	KL22	none	Very high	99,48%		O1v1	none	Very high	98,11%		-	-	-	-	-	-	-	-	-	-	-	-	-	-	-	-	-	SHV-33	-	-	-	-	-	-	ST35	2	1	2	1	10	1	19	-	-	-	-	-	-	-	-	-	-	-	-	-	-	-	-	-	-	-	-	-	-	-	-	-	-	-	-	-	-	-	-	-	-	-	-	-	-	-
KSB1_9A	CH0031T_C4PNMANXX_GGACTCCT-GTAAGGAG_L006	Klebsiella_pneumoniae_KSB1_9A	Klebsiella_pneumoniae_KSB1_9A	SRR5665581	SAMN07211281	GCA_016629585	No	Throat swab	2013	Gorrie 2018	complete		Klebsiella pneumoniae	strong	8	5242098	5242098	5819707	no	-	ST2999	0	0	0	0	-	0	-	0	-	0	-	0	-	0	-	wzi445	KL141	none	Very high	99,42%		O4	none	Very high	99,70%		-	-	-	-	-	-	-	-	-	-	-	-	-	-	-	-	-	SHV-11.v1*	35Q	-	-	-	-	-	ST2999	2	1	1	39	10	1	5	-	-	-	-	-	-	-	-	-	-	-	-	-	-	-	-	-	-	-	-	-	-	-	-	-	-	-	-	-	-	-	-	-	-	-	-	-	-	-
KSB1_9J	16852_1#47	Klebsiella_pneumoniae_KSB1_9J	Klebsiella_pneumoniae_KSB1_9J	ERR1023673	SAMEA3357378	GCA_026253345	No	Rectal swab	2014	Gorrie 2018	complete		Klebsiella pneumoniae	strong	4	5356508	5356508	5661247	no	-	ST17	1	0	0	0	"ybt 15; ICEKp11"	232	-	0	-	0	-	0	-	0	-	wzi141	KL25	-	High	99,17%	KL25_09_wfeD	O5	*	High	94,21%		-	-	-	-	-	-	-	-	-	-	-	-	-	-	-	-	-	SHV-11.v1^	35Q	-	-	-	-	-	ST17	2	1	1	1	4	4	4	6	15	22	4	1	37	34	14	1	33	47	-	-	-	-	-	-	-	-	-	-	-	-	-	-	-	-	-	-	-	-	-	-	-	-	-	-	-	-
KSB2_10B	16852_1#66	Klebsiella_pneumoniae_KSB2_10B	Klebsiella_pneumoniae_KSB2_10B	ERR1023692	SAMEA3357419	GCA_904865795	No	Rectal swab	2014	Gorrie 2017	complete		Klebsiella pneumoniae	strong	6	5228900	5228900	5536724	no	-	ST323	0	1	8	11	-	0	-	0	-	0	-	0	-	0	-	wzi262	KL21	none	Very high	100,00%		O3b	none	Very high	99,19%		"aac(6')-Ib-cr.v2;strA.v1^;strB.v1"	-	-	qnrB1.v2^	-	-	CatB4.v1	-	sul2	tet(A).v1	-	dfrA14.v1^	"OXA-1;TEM-1D.v1^"	-	CTX-M-15	-	-	SHV-1^	-	-	-	-	fosA7*-15%	-	ST323	2	1	1	1	9	1	93	-	-	-	-	-	-	-	-	-	-	-	-	-	-	-	-	-	-	-	-	-	-	-	-	-	-	-	-	-	-	-	-	-	-	-	-	-	-	-
KSB2_1B	16852_1#59	Klebsiella_pneumoniae_KSB2_1B	Klebsiella_pneumoniae_KSB2_1B	ERR1023685	SAMEA3357405	GCA_002753015	No	Rectal swab	2014	Gorrie 2018	complete	SRR6175470	Klebsiella pneumoniae	strong	11	5228889	5228889	6025713	no	-	ST323	0	1	6	7	-	0	-	0	-	0	-	0	-	0	-	wzi262	KL21	none	Very high	100,00%		O3b	none	Very high	99,19%		"strA.v1^;strB.v1"	-	-	qnrB1.v2^	-	-	-	-	sul2	-	-	dfrA14.v1^	TEM-1D.v1^	-	CTX-M-15	-	-	SHV-1^	-	-	-	-	fosA7*-15%	-	ST323	2	1	1	1	9	1	93	-	-	-	-	-	-	-	-	-	-	-	-	-	-	-	-	-	-	-	-	-	-	-	-	-	-	-	-	-	-	-	-	-	-	-	-	-	-	-
KSB2_1C	16852_1#67	Klebsiella_pneumoniae_KSB2_1C	Klebsiella_pneumoniae_KSB2_1C	ERR1023693	SAMEA3357421	GCA_026224565	No	Rectal swab	2014	Gorrie 2017	complete		Klebsiella pneumoniae	strong	4	5267503	5267503	5505066	no	-	ST20	0	0	0	0	-	0	-	0	-	0	-	0	-	0	-	wzi84	KL28	none	Very high	99,18%		O1v2	none	Very high	98,39%		-	-	-	-	-	-	-	-	-	-	-	-	-	-	-	-	-	SHV-187	-	-	-	-	-	-	ST20	2	3	1	1	4	4	4	-	-	-	-	-	-	-	-	-	-	-	-	-	-	-	-	-	-	-	-	-	-	-	-	-	-	-	-	-	-	-	-	-	-	-	-	-	-	-
KSB2_9B	AH0586_C4PNMANXX_TCCTGAGC-CTAAGCCT_L006	Klebsiella_pneumoniae_KSB2_9B	Klebsiella_pneumoniae_KSB2_9B	SRR5082486	SAMN06112206	GCA_904866475	No	Rectal swab	2014	Gorrie 2017	complete		Klebsiella pneumoniae	strong	4	5276668	5276668	5602540	no	-	ST25	0	0	4	4	-	0	-	0	-	0	-	0	-	0	-	wzi72	KL2	none	Very high	98,40%		O1v2	none	Very high	99,19%		aadA1.v1^	-	-	-	-	-	-	-	sul1	-	-	dfrA1.v2	TEM-1D.v1^	-	-	-	-	SHV-11.v1^	35Q	-	-	-	-	tet(A).v1?-0%	ST25	2	1	1	1	10	4	13	-	-	-	-	-	-	-	-	-	-	-	-	-	-	-	-	-	-	-	-	-	-	-	-	-	-	-	-	-	-	-	-	-	-	-	-	-	-	-
INF291	16703_7#40	Klebsiella_quasipneumoniae_INF291	Klebsiella_quasipneumoniae_INF291	ERR1008749	SAMEA3357296	GCA_904864575	yes	Disseminated	2014	Gorrie 2019	complete		Klebsiella quasipneumoniae subsp. similipneumoniae	strong	3	5086838	5086838	5242987	no	-	ST3092	0	0	0	0	-	0	-	0	-	0	-	0	-	0	-	wzi331	KL7	none	Perfect	100,00%		O12	none	Very high	98,91%		-	-	-	-	-	-	-	-	-	-	-	-	-	-	-	-	-	OKP-B-9*	-	-	-	-	-	-	ST3092	18	22	18	16	115	13	192	-	-	-	-	-	-	-	-	-	-	-	-	-	-	-	-	-	-	-	-	-	-	-	-	-	-	-	-	-	-	-	-	-	-	-	-	-	-	-
INF022	16870_7#43	Klebsiella_variicola_INF022	Klebsiella_variicola_INF022	ERR1023755	SAMEA3356968	GCA_904863055	yes	UTI	2013	Gorrie 2019	complete		Klebsiella variicola subsp. variicola	strong	6	5265046	5265046	5583602	no	-	ST3060	0	0	0	0	-	0	-	0	-	0	-	0	-	0	-	wzi38	KL38	-	Good	97,98%	KL38_15	O1v1	none	Very high	98,25%		-	-	-	-	-	-	-	-	-	-	-	-	-	-	-	-	-	SHV-40	35Q	-	-	-	-	-	ST3060	2	24	21	27	44	22	85	-	-	-	-	-	-	-	-	-	-	-	-	-	-	-	-	-	-	-	-	-	-	-	-	-	-	-	-	-	-	-	-	-	-	-	-	-	-	-
INF058	16870_7#79	Klebsiella_variicola_INF058	Klebsiella_variicola_INF058	ERR1023791	SAMEA3357041	GCA_904863155	yes	UTI	2013	Gorrie 2019	complete		Klebsiella variicola subsp. variicola	strong	2	5600802	5600802	5880537	no	-	ST3076	0	1	9	11	-	0	-	0	-	0	-	0	-	0	-	wzi382	KL101	none	Very high	99,22%		O3/O3a	none	Very high	98,63%		"strA.v1;strB.v1"	mcr-9.1	-	qnrA1^	-	-	"catII.2*;catII.2*"	-	sul1	tet(D)	-	dfrA19*	TEM-1D.v1^	-	SHV-12	-	-	LEN-10*	"238S;240K;35Q"	-	-	-	-	-	ST3076	16	18	21	27	155	22	417	-	-	-	-	-	-	-	-	-	-	-	-	-	-	-	-	-	-	-	-	-	-	-	-	-	-	-	-	-	-	-	-	-	-	-	-	-	-	-
INF154	16703_5#86	Klebsiella_variicola_INF154	Klebsiella_variicola_INF154	ERR1008711	SAMEA3357071	GCA_904866265	yes	Disseminated	2013	Gorrie 2019	complete		Klebsiella variicola subsp. variicola	strong	8	5474158	5474158	5904036	no	-	ST925	0	0	0	0	-	0	-	0	-	0	-	0	-	0	-	wzi335	KL9	none	Very high	98,45%		O1v1	none	Very high	97,72%		-	-	-	-	-	-	-	-	-	-	-	-	-	-	-	-	-	LEN-2^	-	-	-	-	-	-	ST925	16	18	21	27	153	40	85	-	-	-	-	-	-	-	-	-	-	-	-	-	-	-	-	-	-	-	-	-	-	-	-	-	-	-	-	-	-	-	-	-	-	-	-	-	-	-
INF208	16870_8#50	Klebsiella_variicola_INF208	Klebsiella_variicola_INF208	ERR1023845	SAMEA3357147	GCA_904864495	yes	Pneumonia	2013	Gorrie 2019	complete		Klebsiella variicola subsp. variicola	strong	8	5460747	5460747	5850161	no	-	ST925	0	0	0	0	-	0	-	0	-	0	-	0	-	0	-	wzi386	KL169	none	Very high	100,00%		OL104	none	Very high	99,75%		-	-	-	-	-	-	-	-	-	-	-	-	-	-	-	-	-	LEN-2^	-	-	-	-	-	-	ST925	16	18	21	27	153	40	85	-	-	-	-	-	-	-	-	-	-	-	-	-	-	-	-	-	-	-	-	-	-	-	-	-	-	-	-	-	-	-	-	-	-	-	-	-	-	-
INF232	16870_8#73	Klebsiella_variicola_INF232	Klebsiella_variicola_INF232	ERR1023867	SAMEA3357194	GCA_904866545	yes	UTI	2013	Gorrie 2019	complete		Klebsiella variicola subsp. variicola	strong	3	5575290	5575290	5590240	no	-	ST681	0	0	0	0	-	0	-	0	-	0	-	0	-	0	-	wzi69	KL143	-*	High	95,20%	KL143_14,KL143_16_wcsW	O3/O3a	-+	None	92,46%	O3/O3a_03_wzm,O3/O3a_04_wzt,O3/O3a_05_wbdD,O3/O3a_06_wbdA,O3/O3a_07_wbdB,O3/O3a_08_wbdC	-	-	-	-	-	-	-	-	-	-	-	-	-	-	-	-	-	LEN-2^	-	-	-	-	-	-	ST681	16	24	60	33	83	40	67	-	-	-	-	-	-	-	-	-	-	-	-	-	-	-	-	-	-	-	-	-	-	-	-	-	-	-	-	-	-	-	-	-	-	-	-	-	-	-
INF290	16703_7#39	Klebsiella_variicola_INF290	Klebsiella_variicola_INF290	ERR1008748	SAMEA3357294	GCA_904865775	yes	Wound or tissue	2014	Gorrie 2019	complete		Klebsiella variicola subsp. variicola	strong	8	5467529	5467529	5898898	no	-	ST925	0	0	0	0	-	0	-	0	-	0	-	0	-	0	-	wzi173	KL102	?	Good	98,70%		O1v1	none	Very high	98,54%		-	-	-	-	-	-	-	-	-	-	-	-	-	-	-	-	-	LEN-2^	-	-	-	-	-	-	ST925	16	18	21	27	153	40	85	-	-	-	-	-	-	-	-	-	-	-	-	-	-	-	-	-	-	-	-	-	-	-	-	-	-	-	-	-	-	-	-	-	-	-	-	-	-	-
INF336	16703_7#77	Klebsiella_variicola_INF336	Klebsiella_variicola_INF336	ERR1008786	SAMEA3357218	GCA_904866525	yes	Other	2014	Gorrie 2019	complete		Klebsiella variicola subsp. variicola	strong	8	5415482	5415482	6069270	no	-	ST3095	0	0	0	0	-	0	-	0	-	0	-	0	-	0	-	wzi306	KL55	-*	High	95,69%	KL55_13_wzx	O2v2	-	High	98,42%	O1/O2v2_09_gmlB	-	-	-	-	-	-	-	-	-	-	-	-	-	-	-	-	-	LEN-11	-	-	-	-	-	-	ST3095	29	24	46	27	320	22	341	-	-	-	-	-	-	-	-	-	-	-	-	-	-	-	-	-	-	-	-	-	-	-	-	-	-	-	-	-	-	-	-	-	-	-	-	-	-	-
INF345	16703_7#84	Klebsiella_variicola_INF345	Klebsiella_variicola_INF345	ERR1008792	SAMEA3357235	GCA_904864455	yes	Wound or tissue	2014	Gorrie 2019	complete		Klebsiella variicola subsp. variicola	strong	6	5417244	5417244	5952697	no	-	ST347	0	1	8	11	-	0	-	0	-	0	-	0	-	0	-	wzi244	KL14	-*	High	90,80%	KL14_13	O5	none	Very high	99,67%		"aac(6')-Ib-cr.v2;strA.v1^;strB.v1"	-	-	qnrB1.v2^	-	-	CatB4.v1	-	sul2	tet(A).v1	-	dfrA14.v1^	"OXA-1;TEM-1D.v1^"	-	CTX-M-15	-	-	LEN-9	-	-	-	-	-	-	ST347	16	24	21	27	47	22	67	-	-	-	-	-	-	-	-	-	-	-	-	-	-	-	-	-	-	-	-	-	-	-	-	-	-	-	-	-	-	-	-	-	-	-	-	-	-	-
KSB1_10B	16780_6#27	Klebsiella_variicola_KSB1_10B	Klebsiella_variicola_KSB1_10B	ERR1015306	SAMEA3357303	GCA_904866515	No	Rectal swab	2013	Gorrie 2018	complete		Klebsiella variicola subsp. variicola	strong	4	5633878	5633878	5972745	no	-	ST641	0	0	0	0	-	0	-	0	-	0	-	0	-	0	-	wzi201	KL60	none	Very high	99,05%		O5	none	Very high	99,61%		-	-	-	-	-	-	-	-	-	-	-	-	-	-	-	-	-	LEN-16	-	-	-	-	-	-	ST641	16	18	21	27	39	22	67	-	-	-	-	-	-	-	-	-	-	-	-	-	-	-	-	-	-	-	-	-	-	-	-	-	-	-	-	-	-	-	-	-	-	-	-	-	-	-
KSB1_8D	16780_6#44	Klebsiella_variicola_KSB1_8D	Klebsiella_variicola_KSB1_8D	ERR1015321	SAMEA3357320	GCA_904863415	No	Throat swab	2013	Gorrie 2018	complete		Klebsiella variicola subsp. variicola	strong	5	5397853	5397853	5723333	no	-	ST681	0	0	0	0	-	0	-	0	-	0	-	0	-	0	-	wzi236	KL10	none	Perfect	100,00%		O2v2	*	Very high	96,46%		-	-	-	-	-	-	-	-	-	-	-	-	-	-	-	-	-	LEN-2^	-	-	-	-	-	-	ST681	16	24	60	33	83	40	67	-	-	-	-	-	-	-	-	-	-	-	-	-	-	-	-	-	-	-	-	-	-	-	-	-	-	-	-	-	-	-	-	-	-	-	-	-	-	-
KSB1_8J	16852_1#46	Klebsiella_variicola_KSB1_8J	Klebsiella_variicola_KSB1_8J	ERR1023672	SAMEA3357376	GCA_904866185	No	Throat swab	2014	Gorrie 2018	complete		Klebsiella variicola subsp. variicola	strong	2	5332729	5332729	5461167	no	-	ST601	0	0	0	0	-	0	-	0	-	0	-	0	-	0	-	wzi289	KL47	none	Very high	95,74%		O3/O3a	none	Very high	99,38%		-	-	-	-	-	-	-	-	-	-	-	-	-	-	-	-	-	LEN-2*	-	-	-	-	-	-	ST601	16	24	21	53	47	22	73	-	-	-	-	-	-	-	-	-	-	-	-	-	-	-	-	-	-	-	-	-	-	-	-	-	-	-	-	-	-	-	-	-	-	-	-	-	-	-
KSB1_9F	16852_1#15	Klebsiella_variicola_KSB1_9F	Klebsiella_variicola_KSB1_9F	ERR1023642	SAMEA3357339	GCA_904865705	No	Rectal swab	2013	Gorrie 2017	complete		Klebsiella variicola subsp. variicola	strong	3	5696035	5696035	5976581	no	-	ST925	0	0	0	0	-	0	-	0	-	0	-	0	-	0	-	wzi84	KL28	?	Good	98,35%		O3/O3a	none	Very high	99,24%		-	-	-	-	-	-	-	-	-	-	-	-	-	-	-	-	-	LEN-2^	-	-	-	-	-	-	ST925	16	18	21	27	153	40	85	-	-	-	-	-	-	-	-	-	-	-	-	-	-	-	-	-	-	-	-	-	-	-	-	-	-	-	-	-	-	-	-	-	-	-	-	-	-	-
KSB2_3A	16852_1#51	Klebsiella_variicola_KSB2_3A	Klebsiella_variicola_KSB2_3A	ERR1023677	SAMEA3357388	GCA_904863065	No	Rectal swab	2014	Gorrie 2017	complete		Klebsiella variicola subsp. variicola	strong	6	5494180	5494180	5762942	no	-	ST386	0	0	0	0	-	0	-	0	-	0	-	0	-	0	-	wzi371	KL138	none	Perfect	100,00%		OL102	-*	None	81,57%	OL102_05_wbbL,OL102_06_rhamnan,OL102_07_wzm,OL102_08_wzt	-	-	-	-	-	-	-	-	-	-	-	-	-	-	-	-	-	LEN-16	-	-	-	-	-	-	ST386	16	18	43	31	42	22	45	-	-	-	-	-	-	-	-	-	-	-	-	-	-	-	-	-	-	-	-	-	-	-	-	-	-	-	-	-	-	-	-	-	-	-	-	-	-	-